datum,podnik,jedlo_1,jedlo_2,jedlo_3,jedlo_4
2021-07-02,Alzbetka,Slepaci vyvar s pecenovymi haluskami,Pecene Bravcove rebra s chlebom a horcicou,Fish and Chips tatarskou omackou      Grecky salat s cerstvym oreganom,,
2021-07-02,Bioland,Brokolicova kremova alergeny neobsahuje,Spagety arrabbiata s olivami bazalkou a veganskym parmezanom alergeny lepok,Zeleninove placky s hraskovym prelivom jarnou cibulkou a salat alergeny neobsahuje,Tapiokovy puding s mangom a malinami alergeny neobsahuje,
2021-07-02,BlueBear,Kapustova polievka s klobasou,Granadiersky pochod so struhanym syrom a uhorkovym salatom,Grilovana bravcova panenka s nivovou omackou a zemiakovymi hranolkami,,TYZDENNE Hovadzi burger s domacou Blue Bear majonezou cerstvym salatom paradajkou uhorkou a cibulkou domace hranolky
2021-07-02,Centr klub,Masovy vyvar so zeleninou a rezancami,Salat s nivou jablko pecena repa vlasske orechy hrianka,Kuraci rezen zemiakova kasa paradajkovy salat,,
2021-07-02,Ceska piv,Slepaci vyvar s pecenovymi haluskami,Bryndzove pirohy so slaninkou a pazitkou,Lasagne Bolognese,Salat s kuracimi nugetkami a medovo horcicovym dresingom,XXL Vyprazany bravcovy rezen so slovenskym zemiakovym salatom
2021-07-02,Galileo,Cinska ostrokysla polievka,Duseny Daniel na burgundsky sposob s kroketami,Vyprazany syr s hranolkami a tatarskou omckou,Salaty Grecky Kuraci  Prosciutto s mozzarellou Tuniakovy,Pizza pecena original na dreve Funghi Cardinalle Salami Hawai
2021-07-02,Kasa,Batatova polievka s limetkou,Pohankove palacinky,Morcacia Saltimbocca,,
2021-07-02,Milton,Sampinonova mliecna bezlaktozove mlieko polievka s batatmi,Grilovana bravcova panenka plnena slivkami a slaninkou Sous Vide,Tvarohove gulky plnene s nugatom,Grilovana morska ryba,Konfitovane grilovane telacie lytko Osso Buco
2021-07-02,Prazsky pub,Mrkvova polievka s hraskom a krupicovymi haluskami,Vyprazana morska stuka so zemiakovym salatom,Gnocchi s restovanou kuracou pecienkou salviou paradajkami a parmezanom,,
2021-07-02,Red Cafe,Cesnakova s krutonmi polievka,Pulled pork burger hranolky Coleslaw salat,Penne so schwarzwaldskou sunkou a rukolou,Vyprazany syr hranolky tatarska omacka,Pizza sunkova salamova sampinonova
2021-07-02,Suvlaki,Mrkvova polievka,Pecene RYBACIE FILETY s rozmarinom cerstvymi paradajkami,Dusene bravcove maso s articokmi citronova omacka,,
2021-07-02,Svadby a Kari,Talianska paradajkova s domacim bazalkovym pestom VEGAN,Thajske cervene VEGAN kari s tekvicou paprikou a cuketou uhorkovy salat,Indicka GHEE Tikka Masala s kuracim masom tekvicou batatmi a hraskom uhorkovy salat,,
2021-07-02,Veglife,Letny borsc,Kukuricna polenta s parmezanom a grilovanou zeleninou duseny spenat na cesnaku,Natural rizoto z lesnych hribov s Bio tempehom,Zapekany brokolicovy gratin s tofu,Salat Miesany kukuricovy
2021-07-06,Alzbetka,Cicerova s udenym masom,Bravcovy rezen v parizskom cesticku s varenymi zemiakmi a tatarskou omackou,Fettuccine s kuracim masom susenymi paradajkami olivy a rukolou,Ceasar salat s kuracim masom a chlebovymi krutonmi,
2021-07-06,BlueBear,Karfiolova polievka so zemiakmi,Pecene bravcove vypecky s tarhonou a kyslou uhorkou,Zapekane zemiaky so syrom bryndzou a mladou cibulkou,,TYZDENNE BLUE BEAR club sendwich s kuracim masom a domacimi hranolkami
2021-07-06,Centr klub,Zeleninova s mrvenicou,Grilovany encian pecene zemiaky brusnice listovy salat,Kuracie prsia v jogurte sosovicovy dahl jazminova ryza peceny sezam,,
2021-07-06,Ceska piv,Slepaci vyvar s masom a rezancami,Luskova polievka na kyslo,Tagliatelle so syrom kuracim masom a grilovanou zeleninou,Bravcovy prirodny Cordon bleu s ryzou a salatom,Tuniakovy salat s vajickom s kukuricou
2021-07-06,Kasa,Fazulova s korenovou zeleninou,Cuketovo tekvicovy privarok vajce na tvrdo,Pecene vykostene kuracie stehno,,
2021-07-06,Milton,Krem z bielej fazule dochuteny vinnym octom a bazalkou,Vyprazany syr so sunkou,Brokolicove karfiolove lasagne zapekane udenym ostiepkom,Grilovane kukuricne kuriatko Suprême Sous Vide,Ladova terina so slahanou ricottou a ovocim mangove pyre
2021-07-06,Prazsky pub,Hovadzi vyvar,Bravcovy rezen s ryzou a kapustovym salatom,,,
2021-07-06,Red Cafe,Brokolicovy krem polievka,Provensalsky kuraci steak pecene zemiaky,Ravioli s hribovou omackou,Vyprazany syr hranolky tatarska omacka,Pizza sunkova salamova sampinonova
2021-07-06,Suvlaki,Cuketova polievka,Zapecene listkove cesto plnene LOSOSOM spenatom syrom feta,Dusene morcacie maso so sampinonmi a cervenou paprikou,,
2021-07-06,Svadby a Kari,Mexicka fazulova polievka s udenymi chipotle paprikami,Mangovo datlove VEGAN kari s bananmi platanos a cuketou  paradajkovy salat s cerstvou bazalkou,Thajske kari z  druhov zlteho melonu s hovadzim masom cuketou paradajkovy salat s cerstvou bazalkou,,
2021-07-06,Veglife,Luskova polievka na kyslo,Brokolicove lasagne s mozzarellou,Baklazan na paradajkach s bazalkou stuchane zemiaky s olivovym olejom,Sosovicovy dhal s kokosovym mliekom a pecenymi batatmi ryza jasminova,Salat Quinoa grecky salat
2021-07-07,Alzbetka,Brokolicova kremova so syrom,Kuracia rolada s hubovou plnkou so zemiakovou kasou,Hlivovy paprikas s maslovymi haluskami a kyslou smotanou,Ceasar salat s kuracim masom a chlebovymi krutonmi,
2021-07-07,BlueBear,Fazulova polievka so zeleninou a udeninou,Dukatove buchticky s vanilkovym kremom,Pecene kura s dusenou ryzou a kyslou oblohou,,TYZDENNE BLUE BEAR club sendwich s kuracim masom a domacimi hranolkami
2021-07-07,Centr klub,Fazulova s udenym masom,Gnocchi s paradajkovou omackou bazalkou kuracim masom mozzarella,Salat s grilovanym lososom paradajky redkovka koprovy dresing,,
2021-07-07,Ceska piv,Slepaci vyvar s masom a rezancami,Paradajkova polievka so syrom,Kuracie prsia zapekane s cheddarom a susenou paradajkou ryza a salat,Zivanska pochutka pecena v alobale,Salat s grilovanym encianom hroznom a orechmi
2021-07-07,Galileo,Zeleninova polievka,Gordon bleu so zemiakovou kasou a miesanym salatom,,,
2021-07-07,Kasa,Paradajkova polievka s bazalkou,Sampinony na marocky sposob s hlivou,Bravcovy perkelt,,
2021-07-07,Milton,Cuketova polievka zo salviou cira maslovo krupicove halusky,Dusene hovadzie zadne z mladeho bycka na cervenom vine a tymiane,Mozzarellove gulky fritovane v miesanej orieskovej kruste,Grilovane kacacie prsia plnene pate z kuracej pecene Sous Vide,Zmrzlinovy pohar alla Milton
2021-07-07,Prazsky pub,Kuraci vyvar s rezancami a zeleninou,Plneny bravcovy rezen na prirodno so sunkou syrom a spenatom s hranolkami,Salat s tuniakom krutonmi vajickom a bazalkovym dressingom,,
2021-07-07,Red Cafe,Ostro kysla polievka,Pfeffer steak z bravcovej panenky tlacene zemiaky,Spenatovy privarok vajicko varene zemiaky,Vyprazany syr hranolky tatarska omacka,Pizza sunkova salamova sampinonova
2021-07-07,Suvlaki,Sosovicova polievka,Pecena bravcova KRKOVICKA plnena slaninkou a syrom Kefalotiri,Pecene KURA s rozmarinom horcicovo medova omacka,,
2021-07-07,Svadby a Kari,Studena mangovo uhorkova polievka s opekanou paprikou,Kokosovo pomarancove kari s cuketou mrkvou a cicerom melonovy salat s cerstvymi bylinkami,Indicke kuracie Vindaloo s batatmi karfiolom a hrozienkami melonovy salat s cerstvymi bylinkami,,
2021-07-07,Veglife,Tekvicovy krem s kurkumou,Gnocchi s pecenou letnou zeleninou a parmezanom,Zavin plneny porom mrkvou a fetou zemiakove pyre s maslom,Vegan Paella,Salat Brokolicovo paradajkovy s olivami
2021-07-08,Alzbetka,Zeleninova s mrvenickou,Bravcovy steak s bazalkovym pestom a grilovanou zeleninou,Kuracie curry s jazminovu ryzou,Ceasar salat s kuracim masom a chlebovymi krutonmi,
2021-07-08,BlueBear,Spenatova polievka so zemiakmi,Hovadzie dusene s koprovou omackou parena knedla,G Salat s trhanym lososom a francuzskym dresingom,,TYZDENNE BLUE BEAR club sendwich s kuracim masom a domacimi hranolkami
2021-07-08,Centr klub,Sampinonova so zemiakmi,Vyprazany karfiol varene zemiaky tatarska omacka,Bravcova panenka na hubach tarhona,,
2021-07-08,Ceska piv,Slepaci vyvar s masom a rezancami,Krem z lesnych hribikov,Pecene kuracie stehno s ryzou a broskynovym kompotom,Pecena krkovicka na cesnaku a ciernom pive s varenymi zemiakmi,Salat s grilovanymi sampinonmi a bylinkovym dresingom
2021-07-08,Galileo,Fazulova polievka,Vyprazane rybie file slovensky zemiakovy salat,,,
2021-07-08,Kasa,Kelova detox polievka,Zeleninove Panang curry,Hovadzie lasagne,,
2021-07-08,Milton,Hribova kremova polievka zmes lesnych hub a sampinonov,Pecena plnena PCR paprika masova gulka,Grilovany steak z chladeneho norskeho lososa,Mini rezniky vyprazane medajlonky z bravcovej panenky,Brownies s brusnicovym couilisom a zmrzlinou carrot cheesecake
2021-07-08,Prazsky pub,Sosovicova na kyslo,Svieckova na smotane s parenou knedlou,Farfalle s kuracim masom syrovou omackou a porom,,
2021-07-08,Red Cafe,Zemiakova na kyslo polievka,Kuracie medailonky na sparglovej omacke dusena ryza,Penne s kuracimi kuskami a susenymi paradajkami,Vyprazany syr hranolky tatarska omacka,Pizza sunkova salamova sampinonova
2021-07-08,Suvlaki,Hraskova polievka,Peceny KRALIK s mrkvou cervenou cibulkou vinova omacka,Pecene KURACIE GULICKY s tymianom,,
2021-07-08,Svadby a Kari,Petrzlenova polievka s kokosovym mliekom a limetkou VEGAN,Indicky VEGAN Dhal z cervenej sosovice s cerstvymi marhulami  ladovy salat s olivami,Vietnamske hovadzie kari s ananasom cuketou a mrkvou   ladovy salat s olivami,,
2021-07-08,Veglife,Tandori batatovo hraskova polievka,Cicer na marocky sposob ryza natural,Sampinonove krokety s koprovou omackou pecene zemiaky,Francuzske zemiaky s tofu,Salat Uhorkovy s matou
2021-07-09,Alzbetka,Hovadzi vyvar s rezancami,Bravcove trhane v zemli so zemiakovymi hranolkami a coleslaw salatom,Vyprazany karfiol s varenymi zemiakmi s maslom a tatarskou omackou    Ceasar salat s kuracim masom a chlebovymi krutonmi,,
2021-07-09,BlueBear,Drzkova polievka,Obrateny bravcovy rezen so zemiakovou kasou a cviklovym salatom,Cestoviny carbonara so struhanym syrom,,TYZDENNE BLUE BEAR club sendwich s kuracim masom a domacimi hranolkami
2021-07-09,Centr klub,Mrkvovy krem so zazvorom a opecenym chlebom,Rizoto s kuracim masom a syrom uhorkovy salat,Madarsky gulas parena knedla,,
2021-07-09,Ceska piv,Slepaci vyvar s masom a rezancami,Brokolicova kremova polievka,Restovana kuracia pecen s ryzou a kyslou uhorkou,Kuracie prsia na prirodno s greckou kremovou omackou s olivami,Caesar salat
2021-07-09,Galileo,Karfiolova polievka,Domaca fasirka so zemiakovym privarkom a chlebom,,,
2021-07-09,Kasa,Hokkaido polievka,Blansirovana zelenina v kokosovem mlieku s quinoou,Morcacie prsia na bielej fazulke v paradajkovej omacke,,
2021-07-09,Milton,Ragu zo sezonnej zeleniny s kokosovym mliekom limetkovymi listkami a citronovou travou,Grilovany kuraci steak  bazalkove maslo,Ricottove lievance so susenymi brusnicami,Medajlonky z bravcovej panenky Sous Vide,Ovocny sorbet vyber cerstve jahody a cokoladovy preliv
2021-07-09,Prazsky pub,Mrkvova polievka s hraskom a krupicovymi haluskami,Vyprazana morska stuka so zemiakovym salatom,Gnocchi s restovanou kuracou pecienkou salviou paradajkami a parmezanom,,
2021-07-09,Red Cafe,Porkova so zemiakmi polievka,Kuraci perkelt s haluskami,Salat s tuniakom vajickom a dresingom,Vyprazany syr hranolky tatarska omacka,Pizza sunkova salamova sampinonova
2021-07-09,Suvlaki,Cuketova polievka,Peceny ZUBAC s rozmarinom cervenymi paradajkami kaparami,Grilovany SYR CHALUMI,,
2021-07-09,Svadby a Kari,Poctiva ostro kysla polievka s kuracim masom a udenym tofu,Thajske zlte kari so zltym melonom cuketou sampinonmi a sojovymi klickami paradajkovy salat s cicerom,Indicke maslove Butter Chicken s kuracim masom batatmi paradajkami a hraskom  paradajkovy salat s cicerom,,
2021-07-09,Veglife,Petrzlenovy krem s jablkami,Batatovo karfiolovy nakyp zemiakove pyre s maslom,Farfalle s bazalkovym pestom a goody foody,Zazvorove tofu na sampinonoch a brokolici ryza natural,Salat Mexicky s fazulkou B V P
2021-07-12,Alzbetka,Paradajkova so syrom,Vykostene kuracie stehno na sampinonoch so zemiakovou kasou,Spagety Aglio e Olio s krevetami struhanym parmezanom a baby spenatom,Ks Mix listovy salat s tuniakom a vajickom hrianky,
2021-07-12,BlueBear,Zemiakova polievka na kyslo,Plnena paprika s paradajkovou omackou varene zemiaky,Hubove rizoto s parmezanom a rukolou,,TYZDENNE Vyprazane olomoucke syrecky s pecenymi baby zemiakmi a tatarskou omackou
2021-07-12,Centr klub,Cesnakova kremova s opecenym chlebom,Bryndzove pirohy so smotanou a chrumkavou cibulou,Kuraci steak nivova omacka hraskova ryza,,
2021-07-12,Ceska piv,Slepaci vyvar s masom a rezancami,Zeleninova jarna polievka,Bravcove sote so slaninkou a kukuricou pecene zemiaky,Kuracie prirodne prsia s nivovou omackou ryza a miesany salat,Salat s kuracimi nugetkami medovo horcicovy dresing
2021-07-12,Galileo,Paradajkova so syrom,Bravcovy steak na horcicovej omacke s dusenou ryzou,,,
2021-07-12,Kasa,Minestrone polievka,Ratatouille,Pomaly pecena krkovicka s udenou paprikou a sechuan korenim,,
2021-07-12,Milton,Kremova polievka z cierneho korena s ovocnym octom,Sous Vide kuracia rolada,Vykostene stehna prsia a kuracie fauche v uprave Sous Vide,Ravioli plnene mozzarellou a baby spenatom,Flank steak hovadzia slabina pripravovany technologiou Sous Vide
2021-07-12,Prazsky pub,Zemiakovy krem so sampinonmi,Kuracie rizoto so zeleninou struhanym syrom a kyslou uhorkou,Penne s masovym ragu na smotane s rukolou,,
2021-07-12,Red Cafe,Paradajkova so syrom polievka,Kuraci Cordon Bleu pecene zemiaky mix salat,Cestovinovy salat s tuniakom a kukuricou,Vyprazany syr hranolky tatarska omacka,Pizza sunkova salamova sampinonova
2021-07-12,Suvlaki,Sosovicova polievka,Dusene bravcove maso s mladou cibulkou a olivami,Grilovany KURACI STEAK s cuketou a cherry paradajkami,,
2021-07-12,Svadby a Kari,Polievka zo susenych paradajok s cerstvou bazalkou VEGAN,Mangovo baklazanove VEGAN kari s kesu batatmi   japonsky kapustovy salat s klickami,Indicke kuracie kari tisicich cesnakov s tekvicou a oranzovou paprikou japonsky kapustovy salat s klickami,,
2021-07-12,Veglife,Paradajkovo feniklova polievka,Grilovane robi platky so sampinonovou omackou pecene zemiaky,Penne all arrabiatta s pecenym baklazanom,Natural rizoto s vlasskymi orechami porom a opekanou hlivou,Salat Frisse s cherry paradajkami a tofu
2021-07-13,Alzbetka,Sosovicova s klobasou,Kuraci Cordon Bleu s americkymi zemiakmi a tatarskou omackou,Bravcova sekana s tekvicovym privarkom chlieb,Ks Mix listovy salat s tuniakom a vajickom hrianky,
2021-07-13,Bioland,Letna kapustova alergeny neobsahuje,Veganske hraskove kremove rizoto s pecenou mrkvou a valerianom alergeny neobsahuje,Vegansky tempehovy stroganov s pecenymi zemiakmi alergeny soja horcicne semienko,Raw bananova torta alergeny orechy,
2021-07-13,BlueBear,Hrachova polievka s cesnakovym krutonom,Vyprazany bravcovy rezen z krkovicky zemiakovo cibulovy salat,Spenatove halusky s omackou z modreho syra a chrumkavou cibulkou,,TYZDENNE Vyprazane olomoucke syrecky s pecenymi baby zemiakmi a tatarskou omackou
2021-07-13,Centr klub,Minestrone s bielou fazulou,Vyprazany syr hranolky tatarska omacka,Pecena krkovicka zemiakova kasa calamada,,
2021-07-13,Ceska piv,Slepaci vyvar s masom a rezancami,Hraskova kremova polievka,Kuracie prsia na grile s fazulovymi luskami a ryzou,Bravcova kapsa plnena salamou a encianom varene zemiaky,Jarny salat s mozzarellou a pestom z medvedieho cesnaku
2021-07-13,Galileo,Sosovicova polievka,Vyprazane kuracie nugetky v cornfackoch ryza hranolky,,,
2021-07-13,Kasa,Sosovicova polievka na kyslo,Lasagne s modrym syrom,Kuraci spiz,,
2021-07-13,Milton,Telacie ragu s cuketou karotkou a safranom,Pecene kuracie stehno s k na sposob Barbecue,Grilovane krevety salat Waldorf Astoria,Kralici chrbat sous vide s tekvicovym olejom,Kremova omacka s judasovym uchom
2021-07-13,Prazsky pub,Hovadzi vyvar,Bravcovy rezen s ryzou a kapustovym salatom,,,
2021-07-13,Red Cafe,Zeleninova s haluskami polievka,Pecena krkovicka na kapustovych strapackach,Zapekana cuketa so zeleninou a mozzarellou var zemiaky,Vyprazany syr hranolky tatarska omacka,Pizza sunkova salamova sampinonova
2021-07-13,Suvlaki,Paradajkova polievka,Peceny LOSOS s feniklom tymianom a citronovou omackou,Pecene KURACIE STEHNO s rozmarinom susenymi paradajkami horcicova omacka,,
2021-07-13,Svadby a Kari,Sosovicova polievka s kurkumou a opekanymi kesu VEGAN,Indicke VEGAN Aloo Gobi s karfiolom zemiakmi a hraskom  salat z ciernej sosovice beluga s mrkvou,Marocke marhulove hovadzie kari s mrkvou a pecenym baklazanom     salat z ciernej sosovice beluga s mrkvou,,
2021-07-13,Veglife,Mexicka kremova polievka,Pecene spenatovo mozzarellove fasirky zemiakove pyre s maslom,Chilli con tofu ryza jasminova B V P,Baklazanova mousaka,Salat Polnicek s grapefruitom a granatovym jablkom
2021-07-14,Alzbetka,Karfiolova so syrom,Telacie buritos s pecenymi zemiakmi a pikantnym dresingom,Spenatove natur rizoto s kuracim masom a struhanym syrom,Ks Mix listovy salat s tuniakom a vajickom hrianky,
2021-07-14,Bioland,Arasidova jemna so zeleninou alergeny arasidy zeler,Cevapcici z robi masa varene zemiaky a salat alergeny lepok soja horcicne semienko,Pohankovy nakyp s maslovou tekvicou a veganskym syrom ladovy salat alergeny neobsahuje,Tiramisu s ovocim alergeny lepok mlieko vajcia,
2021-07-14,BlueBear,Tekvicova polievka so semiackami,Svieckova na smotane s parenou knedlou,Makove slize s maslom a cukrovou posypkou,,TYZDENNE Vyprazane olomoucke syrecky s pecenymi baby zemiakmi a tatarskou omackou
2021-07-14,Centr klub,Tekvicova na kyslo s koprom,Cezar salat s kuracim masom,Hovadzi tokan na vine tarhona kysla uhorka,,
2021-07-14,Ceska piv,Slepaci vyvar s masom a rezancami,Sosovicova polievka s parkom,Zemiakovy privarok s fasirkami,Rizoto s grilovanou zeleninou a parmezanom,Lahky salat s kuracimi grilovanymi kuskami
2021-07-14,Galileo,Talianska minestrone,Pikantne bravcove sote v zemiakovej placke,,,
2021-07-14,Kasa,Zelerovy krem,Fazulovy black eye d dahl,Hovadzie na mongolsky sposob,,
2021-07-14,Milton,Tekvicova kremova polievka tymianovy olivovy olej,Hovadzie zadne z mladeho bycka podavane krajane na platky,Steak z hovadzej svieckovice s volskym okom,Cheesecake so slanym karamelom a sorbetom s cerveneho ovocia,
2021-07-14,Prazsky pub,Kuraci vyvar s rezancami a zeleninou,Plneny bravcovy rezen na prirodno so sunkou syrom a spenatom s hranolkami,Salat s tuniakom krutonmi vajickom a bazalkovym dressingom,,
2021-07-14,Red Cafe,Gulasova polievka,Bravcove kocky znojemske slovenska ryza,Bolonske spagety,Vyprazany syr hranolky tatarska omacka,Pizza sunkova salamova sampinonova
2021-07-14,Suvlaki,Zeleninova polievka,Dusene bravcove maso so zelenymi fazulovymi strukmi paradajkova omacka,Zapecena kuracia rolka plnena slaninkou rukolou a syrom,,
2021-07-14,Svadby a Kari,Thajska kokosova polievka Tom Kha VEGAN,Thajske zelene VEGAN kari s klickami baklazanom a tekvicou cuketovy salat s makom,Indicke kuracie Madras kari s mrkvou a BIO cuketou  cuketovy salat s makom,,
2021-07-14,Veglife,Mrkvovy krem s kokosovym mliekom,Plnena cuketa s goody foody v paradajkovej omacke petrzlenove zemiaky,Karfiolovy paprikas s BiO tempehom ryza natural,Zapekane celozrnne penne s porom parmezanom a sampinonmi,Salat Grecky salat
2021-07-19,Alzbetka,Porova kremova s krutonmi,Kuracia rolada plnena slaninou a syrom Niva so zemiakovou kasou,Hovadzia Quesadila so zemiakovymi hranolkami a kyslou smotanou,Mix listovych salatov s kozim syrom jablkami a pecenou cviklou,
2021-07-19,Bioland,Brokolicova kremova s pecenym zemiakom alergeny neobsahuje,Veganske kremove cuketove rizoto so susenymi paradajkami a bazalkou alergeny sedano,Vegansky aj neveg tekvicovy privarok s koprom vajickom alebo tofu a varenymi zemiakmi alergeny vajce soja,Raw cokoladova pena s ovocim alergeny orechy,
2021-07-19,BlueBear,Paradajkova polievka so struhanym syrom,Francuzske zemiaky s kyslou smotanou a klobasou uhorkovy salat,G Kuracie prsia s marinovanou cviklou wasabi omackou a rukolou,,TYZDENNE Grilovany losos na pecenom zemiaku s wakame riasou a limetkovou redukciou
2021-07-19,Centr klub,Brokolicovy krem s opecenym chlebom,Tagliatelle s bylinkovym pestom susene paradajky mozzarella caprese,Kuraci steak grilovana zelenina kuskus jogurtovy dresing,,
2021-07-19,Ceska piv,Slepaci vyvar s masom a rezancami,Kuracie sote na smotane s kukuricou a slaninkou ryza,Kuraci rezen v parizskom cesticku hranolky tatarska omacka,Salat s kuracimi rezancami a bylinkovym dresingom,
2021-07-19,Kasa,Zamatova batatova polievka s feniklom a pomarancom,Kelovy privarok vajce na tvrdo,Pecene bravcove kare s omackou z korenovej zeleniny,,
2021-07-19,Milton,Vyprazane kusky z kuracich prs obalovane kukuricnych lupienkoch,Zapekany lososovy steak so spenatovou krustou,Bazantie prsia so susenymi slivkami a slaninkou Sous Vide,Sufle z bielej cokolady a cucoriedkovy couilis,
2021-07-19,Prazsky pub,Zemiakovy krem so sampinonmi,Kuracie rizoto so zeleninou struhanym syrom a kyslou uhorkou,Penne s masovym ragu na smotane s rukolou,,
2021-07-19,Red Cafe,Zeleninova s haluskami polievka,Kuraci steak na cheddarovej omacke dusena ryza,Salat s grilovanym camembertom a prosciuttom,Vyprazany syr hranolky tatarska omacka,Pizza sunkova salamova sampinonova
2021-07-19,Suvlaki,Zeleninova polievka,Dusene bravcove maso s mandarinkami,Pecene kuracie stehienka s feniklom cervenou paprikou,,
2021-07-19,Svadby a Kari,Cviklovy krem s kokosovym mliekom VEGAN,Thajske kokosovo mangove VEGAN kari s tekvicou mrkvou a cicerom uhorkovy salat so sezamom,Indicka Tikka Masala s kuracim masom mrkvou a hraskom uhorkovy salat so sezamom,,
2021-07-19,Veglife,Koprova polievka s kukuricou,Brokolicove natural rizoto s mrkvou a tempehom,Robi platky na svieckovej omacke pecene zemiaky,Aloo matar kofty v paradajkovo kokosovej omacke indicke zemiaky,Salat Coleslaw
2021-07-20,Alzbetka,Sosovicova s klobasou,Hovadzi gulas s karlovarskou knedlou,Tagliatelle s kuracim masom susene paradajky a rukola,Mix listovych salatov s kozim syrom jablkami a pecenou cviklou,
2021-07-20,Bioland,Hlivova s hraskom zemiakmi a petrzlenovou vnatou alergeny neobsahuje,Bulgurove gulocky s veganskym syrom na paprikovej omacke alergeny lepok,Tofu s kari a zeleninou na ryzovych rezancoch s kruzkami cervenej cibule alergeny soja horcicne semienko,Jablkova sarlotka alergeny vajcia lepok,
2021-07-20,BlueBear,Luskova polievka so zemiakmi,Vyprazany karfiol s varenymi zemiakmi tatarska omacka,Masove lasagne zapekane so syrom a s rukolou,,TYZDENNE Grilovany losos na pecenom zemiaku s wakame riasou a limetkovou redukciou
2021-07-20,Centr klub,Zemiakova na kyslo s koprom,Salat s kuracim masom paradajka krutony aioli dresing,Steak z kare bylinkove maslo hranolky udena majoneza,,
2021-07-20,Ceska piv,Slepaci vyvar s masom a rezancami,Francuzska cibulacka,Kuracie prsia zapekane s mozzarellou a susenou paradajkou ryza,Kuraci perkelt zo stehna s haluskami,Salat s kuracimi nugetkami medovo horcicovy dresing
2021-07-20,Galileo,Kelova polievka s parkom,Kuraci steak so sunkou a vajcom ryza hranolky,Ryzovy nakyp,Salaty Grecky Kuraci  Prosciutto s mozzarellou Tuniakovy,Pizza pecena original na dreve Funghi Cardinalle Salami Hawai
2021-07-20,Kasa,Fazulove trio polievka,Hlivovy gulas,Pecene kura pecenova plnka volitelna,,
2021-07-20,Milton,Cicerova polievka s klobaskou a korenovou zeleninou,Domaca sekana z mozzarellou a panchettou,Vyprazane krokety z mungo fazule a feta syru,Bravcova panenka plnena susenymi paradajkami a bazalkou,Domaca torta podla Rudka
2021-07-20,Prazsky pub,Hovadzi vyvar,Bravcovy rezen s ryzou a kapustovym salatom,,,
2021-07-20,Red Cafe,Gulasova polievka,Panenka na rozmarine americke zemiaky mix salat,Bryndzove halusky so slaninkou,Vyprazany syr hranolky tatarska omacka,Pizza sunkova salamova sampinonova
2021-07-20,Suvlaki,Paradajkova polievka,Peceny LOSOS s olivami a rozmarinom,Grilovany KURACI STEAK s articokmi a cherry paradajkami,,
2021-07-20,Svadby a Kari,Fazulova polievka so susenymi paradajkami a cerstvym oreganom VEGAN,Thajske zlte VEGAN kari s cuketou maslovou fazulou a sampinonmi papayovy salat s arasidmi,Vietnamske hovadzie kari s ananasom cuketou a mrkvou   papayovy salat s arasidmi,,
2021-07-20,Veglife,Minestrone polievka,Thajske zlte kari s mangom ryza jasminova B V P,Ratatouille petrzlenove zemiaky,Carbonara spagety s tempehom,Salat Bulgurovy tabbouleh
2021-07-21,Alzbetka,Francuzska cibulacka so syrom,Kuracie nugetky so zemiakovymi hranolkami a syrovym dresingom,Peceny bravcovy bocik s pecenymi baby zemiakmi a demi glace,Mix listovych salatov s kozim syrom jablkami a pecenou cviklou,
2021-07-21,Bioland,Zeleninova s cervenou sosovicou alergeny zeler,Pecene zemiakove placky s kyslou kapustou alergeny neobsahuje,Hrstkova kasa s robi masom alergeny lepok,Cokoladove brownies s gastanovym kremom alergeny vajcia lepok mlieko,
2021-07-21,BlueBear,Zemiakova polievka s klobasou,Orechove sulance s maslom a cukrovou posypkou,Plneny morcaci rezen s opekanymi zemiakmi tatarska omacka,,TYZDENNE Grilovany losos na pecenom zemiaku s wakame riasou a limetkovou redukciou
2021-07-21,Centr klub,Hrstkova s majoranom,Furmanske halusky s udenym syrom a klobasou,Morcacie stehno na vine zemiakova kasa,,
2021-07-21,Ceska piv,Slepaci vyvar s masom a rezancami,Brokolicova kremova polievka,Kuracie prsia na prirodno s restovanym listovym spenatom a slaninkou ryza,Segedinsky gulas s parenou knedlou,Salat s grilovanym encianom hroznom a orechami brusnicovy dip
2021-07-21,Galileo,Zeleninova polievka s haluskami,Hovadzie varene s koprovou omackou a knedlou,Zabijackovy tanier s varenymni zemiakmi a kyslou kapustou,Salaty Grecky Kuraci  Prosciutto s mozzarellou Tuniakovy,Pizza pecena original na dreve Funghi Cardinalle Salami Hawai
2021-07-21,Kasa,Slepaci vyvar,Gratinovane bataty so spenatom,Hovadzia svieckovica na chrenovej omacke,,
2021-07-21,Milton,Kremova polievka z struhanej bielej tekvice a kopru na kyslo,Madarsky hovadzi gulas hovadzie zadne,Grilovany steak z tuniaka bazalkove maslo,Grilovane kacacie prsia plnene pate z kuracej pecene Sous Vide,Mangovo cokoladova ladova terina s naslahanou ricottou podavana v brusnicovej studenej omacke
2021-07-21,Prazsky pub,Kuraci vyvar s rezancami a zeleninou,Plneny bravcovy rezen na prirodno so sunkou syrom a spenatom s hranolkami,Salat s tuniakom krutonmi vajickom a bazalkovym dressingom,,
2021-07-21,Red Cafe,Karfiolova polievka s mrkvou,Holandsky mlety rezen zemiakova kasa mrkvovy salat,Caesar salat s kuracim masom,Vyprazany syr hranolky tatarska omacka,Pizza sunkova salamova sampinonova
2021-07-21,Suvlaki,Sosovicova polievka,Pecene KACACIE STEHNO s cervenou cibulou tymianom vinova omacka,KURACIE SOTE so zelenymi fazulovymi strukmi,,
2021-07-21,Svadby a Kari,Azijsky vyvar so sampinonmi a zeleninou VEGAN,Indicka VEGAN mandlova Korma s cuketami a batatmi  salat s korenim za atar,Indicke pistaciovo jogurtove kari s kuracim masom paradajkami zemiakmi a opekanym baklazanom  salat s korenim za atar,,
2021-07-21,Veglife,Zeleninovy vyvar s miso pastou,Plnena paprika so sojovou plnkou v paradajkovej omacke pazitkove zemiaky,Spenatovo syrovy quiche zemiakove pyre s restovanou cibulkou,Nasi goreng B P,Salat Kalerabovo mrkvovy s mungo klickami
2021-07-22,Alzbetka,Hraskovy krem s matou a bylinkove krutony,Hovadzie dusene na lesnych hubach s tarhonou,Kuraci wrap s pecenymi zemiakmi majoneza z peceneho cesnaku,Mix listovych salatov s kozim syrom jablkami a pecenou cviklou,
2021-07-22,Bioland,Cuketova kremova s cerstvym oreganom alergeny neobsahuje,Baklazanovy steak so zelerovo zemiakovou kasou a salatom alergeny zeler,Spenatove halusky s nivovou omackou alergeny mlieko lepok,Raw ovocna torta alergeny orechy,
2021-07-22,BlueBear,Kapustova kremova s udeninou,Jemne pikantny madarsky gulas s parenou knedlou,G Vyprazany zeleninovy rezen s batatovym pyre a rukolou,,TYZDENNE Grilovany losos na pecenom zemiaku s wakame riasou a limetkovou redukciou
2021-07-22,Centr klub,Hlivova s udenou paprikou,Zeleninove kari jazminova ryza peceny sezam koriander,Vyprazana treska zemiakovo cibulovy salat,,
2021-07-22,Ceska piv,Slepaci vyvar s masom a rezancami,Hrachova polievka,Kuracie sote so sampinonmi ryza,Bravcove vypecky s varenymi zemiakmi kysla uhorka,Tuniakovy salat s vajickom
2021-07-22,Galileo,Polievka z fazulovych strukov,Prirodny plneny bravcovy rezen so zemiakovou kasou a kyslou uhorkou,Slovenske strapacky,Salaty Grecky Kuraci  Prosciutto s mozzarellou Tuniakovy,Pizza pecena original na dreve Funghi Cardinalle Salami Hawai
2021-07-22,Kasa,Karfiolova polievka s rascou,Kukuricne cestoviny s paradajkami a gril cervenou paprikou,SPECIAL Konfitovane kacacie stehna cervena kapusta,,
2021-07-22,Milton,Slepaci vyvar cestovina nitovky zelenina a maso,Bolonske lasagne gratinovane syrom mozzarella,U nas mlete bravcove a hovadzie maso korenova zelenina paradajky a bylinky,Grilovana morska ryba,Viedenske vyprazane telacie rezne telacie kare
2021-07-22,Prazsky pub,Sosovicova na kyslo,Svieckova na smotane s parenou knedlou,Farfalle s kuracim masom syrovou omackou a porom,,
2021-07-22,Red Cafe,Hraskovy krem s bazalkou,Hovadzi tokan na cervenom vine tarhona,Marinovany zapek karfiol s mrkvovo mozzarell roladou,Vyprazany syr hranolky tatarska omacka,Pizza sunkova salamova sampinonova
2021-07-22,RTVS,Hrachova polievka,Cestoviny penne s arabiata omackou syr,Pecene maso cervena kapusta knedla,Francuzske zemiaky,
2021-07-22,Spilka,Taradajkova polievka so syrom,Restovane rezance s bravcovym masom a zazvorom,Domace sulance s makom a brusnicami     f,,
2021-07-22,Suvlaki,Cuketova polievka,Grilovany Bravcovy STEAK so sampinonmi a cervenou paprikou,Grilovane KURACIE FASIRKY Tzatziki dip,,
2021-07-22,Svadby a Kari,Svieza sosovicova polievka s citronovou stavou,Indicky VEGAN Dhal z cervenej sosovice s cerstvymi broskynami a tamarindom  paradajkovy salat so sojovymi klickami,Thajske Massaman kari s hovadzim masom batatmi BIO cuketou a paradajkami    paradajkovy salat so sojovymi klickami,,
2021-07-22,Veglife,Luskova polievka na kyslo,Batatove psenoto s veganskym parmezanom a rukolou,Mexicke lasagne,Paneer tikka masala ryza natural,Salat Uhorkovo ananasovy salat
2021-07-23,Alzbetka,Kacaci vyvar s pecenovymi haluskami,Hot Dog so zemiakovymi hranolkami,Vyprazana morska stuka v panko struhanke so zemiakovou kasou a tatarskou omackou     Mix listovych salatov s kozim syrom jablkami a pecenou cviklou,,
2021-07-23,Bioland,Cicerova kremova s nori vlockami alergeny neobsahuje,Tofu kung pao ryza arasidy alergeny soja arasidy,Miesany list salat s paradajkami uhorkou olivami vegan cheddarom a s horc med zalievkou alergeny horcicne semienka,Raw cviklovo matova torta alergeny orechy,
2021-07-23,BlueBear,Hrstkova polievka s chlebom,Kuraci paprikas s haluskami a kyslou uhorkou,G Vyprazany hermelin s varenymi zemiakmi tatarska omacka,,TYZDENNE Grilovany losos na pecenom zemiaku s wakame riasou a limetkovou redukciou
2021-07-23,Centr klub,Francuzska cibulacka so syrovym toastom,Salat s tuniakom cervena repa vajicko cesnakova hrianka,Hovadzie na hubach slovenska ryza kapustovy salat,,
2021-07-23,Ceska piv,Slepaci vyvar s masom a rezancami,G Grilovany encian s brusnicami varene zemiaky,Tagliatelle s grilovanou zeleninou a kuracim masom parmezan,Vyprazany bravcovy rezen s pecenymi zemiakmi tatarska omacka,
2021-07-23,Galileo,Sampinonova polievka,Kung pao s dusenou ryzou,Vyprazany hermelin s hranolkami a tatarskou omckou,Salaty Grecky Kuraci  Prosciutto s mozzarellou Tuniakovy,Pizza pecena original na dreve Funghi Cardinalle Salami Hawai
2021-07-23,Kasa,Indicka sladko kysla polievka,Grilovany encian  ovocne chutney,Hovadzi Shepherd s pie,,
2021-07-23,Milton,Provensalska strukova polievka s citronovou stavou a koprom,Vysmazany kuraci spiz zo syrom v safranovom cesticku vykostene kuracie stehno a syr Eidam,Pecene tvarohove buchty,Grilovany filet z morskej ryby,Vo vakuu pripravovany telaci Ryb Eye steak
2021-07-23,Prazsky pub,Mrkvova polievka s hraskom a krupicovymi haluskami,Vyprazana morska stuka so zemiakovym salatom,Gnocchi s restovanou kuracou pecienkou salviou paradajkami a parmezanom,,
2021-07-23,Red Cafe,Francuzska polievka,Segedinsky gulas domaca knedla,Kuraci kebab v tureckej zemli,Vyprazany syr hranolky tatarska omacka,Pizza sunkova salamova sampinonova
2021-07-23,RTVS,Slepacia polievka,Pecene buchty s dzemom,Vyprazany syr mastene zemiaky tat omacka,Kotlikovy gulas chlieb,
2021-07-23,Spilka,Karfiolovy krem s krutonom      TI,Zaudene kuracie prsi s horcicovou omackou a pucenymi zemiakmi,Pecene avokado s posirovanym vajickom a fazulovym privarkom,,
2021-07-23,Svadby a Kari,Laksa malajska kokosova polievka VEGAN,Turecke VEGAN Baharat kari s BIO cuketou paradajkami cicerom a matou batatovy salat s domacou harissa pastou,Kuku Paka africke kuracie kokosove kari s baklazanom paradajkami a zelenymi fazulkami batatovy salat s domacou harissa pastou,,
2021-07-23,Veglife,Thajska batatova polievka,Mrkvovo cuketove placky zemiakovo hraskove pyre,Teriaki goody foody sote ryza jasminova,Cviklovo zemiakovy gratin,Salat Feniklovy s hraskom
2021-07-26,Alzbetka,Sampinonovy krem s bylinkami,Vyprazany bravcovy rezen s varenymi zemiakmi majoneza z peceneho cesnaku,Cviklove rizoto so syrom feta piniove orechy cviklove vyhonky,Cestovinovy salat so zeleninou a syrom feta,
2021-07-26,Bioland,Kremova polievka z rajcin mrkvy a cukety alergeny neobsahuje,Indicke kuku paka s karfiolom cuketou cicerom a ryzovymi rezancami alergeny horcicne semienko,Krupoto s lesnymi hubami a parmezanom alergeny lepok zeler sedano mlieko,Mangova raw torta alergeny orechy,
2021-07-26,BlueBear,Sosovicova polievka na kyslo,Vyprazane kuracie pecienky s varenymi zemiakmi a tatarskou omackou,Spenatove rizoto s medvedim cesnakom a parmezanom,,TYZDENNE Jalapenos Burger s trhanym bravcovym masom a domacimi hranolkami
2021-07-26,Centr klub,Paradajkova so syrom a bazalkou,Spagety Carbonara,Kuracie prsia na sampinonovom ragu slovenska ryza uhorkovy salat,,
2021-07-26,Ceska piv,Slepaci vyvar s masom a rezancami,Kuracie prsia s mexickou fazulou ryza,Bravcova kapsa plnena slaninou a udenym ostiepkom varene zemiaky,Salat s mini mozzarellkou a pestom z medvedieho cesnaku,
2021-07-26,Galileo,Cesnakova kremova s krutonmi,Ciganske kuracie stehno zapekane so syrom op zemiaky,,,
2021-07-26,Kasa,Mrkvova polievka s kokosovym mliekom,Bulgurotto s hokkaido penou,Pulled pork,,
2021-07-26,Milton,Sosovicova polievka so zeleninou lupanymi paradajkami a bazalkou,Grilovane medajlonky z bravcovej panenky,Pasta rolada so spenatom susenymi paradajkami a mozarelou,Konfitovane telacie licka na salvii a ciernom pive,Zmrzlinovy pohar alla Milton
2021-07-26,Red Cafe,Minestrone polievka,Kuraci platok na sipkovej omacke zemiakova kasa,Cestovinovy salat s grilovanym kuracim masom,Vyprazany syr hranolky tatarska omacka,Pizza sunkova salamova sampinonova
2021-07-26,RTVS,Hovadzi vyvar s cestovinou,Palacinky s tvarohom,Vyprazany bravcovy rezen dusena ryza,Hydinovy perkelt halusky,
2021-07-26,Spilka,Brokolicovy krem s krutonom,Kuracie spizy s restovanou ryzou a bbg omackou,Vyprazany syr s pecenymi zemiakmi a domacou tatarkou,,
2021-07-26,Suvlaki,Zeleninova polievka,Dusene bravcove maso s cervenou paprikou horcicova omacka,Pecene vykostene kuracie stehno plnene syrom vinova omacka,,
2021-07-26,Svadby a Kari,Sosovicova polievka s kurkumou a opekanymi kesu orechami VEGAN,Mangovo datlove VEGAN kari s bananmi platanos a cuketou  kapustovy salat,Indicke maslove Butter Chicken s kuracim masom batatmi paradajkami a hraskom  kapustovy salat,,
2021-07-26,Veglife,Paradajkova polievka s pohankou,Bryndzove prazenky zemiakovo hraskove pyre,Africky gulas s fazulou a arasidovym maslom ryza basmati,Gnocchi s pecenou letnou zeleninou a parmezanom,Salat Kapustovo paradajkovy s paprikou
2021-07-27,Alzbetka,Frankfurtska so zemiakmi,Chilli con carne so dusenou ryzou a kyslou smotanou,Bravcova rolada plnena bylinkami so zemiakovou kašou a demi glace,Cestovinovy šalat so zeleninou a syrom feta,
2021-07-27,Bioland,Thajska kokosova kari so zeleninou a ryzovymi rezancami alergeny horcicne semienko,Gratinovane paradajky plnene pšenom a parmezanom s rukolovo slnecnicovym šalatom alergeny mlieko,Granadir s pohankovou cestovinou a domacim cviklovym šalatom alergeny horcicne semienko,Cokoladove brownies s orieškami a cviklou alergeny lepok mlieko vajcia orechy,
2021-07-27,BlueBear,Frankfurtska polievka s parkom,Zapekana kolozvarska kapusta s klobasou a kyslou uhorkou,Pecene rybie file so zemiakovou kašou a coleslaw šalatom,,TYZDENNE Jalapenos Burger s trhanym bravcovym masom a domacimi hranolkami
2021-07-27,Centr klub,Rybacia so zeleninou,Vyprazany syr hranolky tatarska omacka,Pecene kare na slanine štuchane zemiaky s restovanou cibulou,,
2021-07-27,Ceska piv,Slepaci vyvar s masom a rezancami,Zeleninova polievka,Grilovany encian s varenymi zemiakmi brusnicovy dip,Hovadzi tokan na cervenom vine s ryzou,Šalat s kuracim prirodnym platkom a sušenou paradajkou
2021-07-27,Galileo,Cernohorsky br rezen s opekanymi zemiakmi a tat omackou,Šalaty Grecky Kuraci  Prosciutto s mozzarellou Tuniakovy,,,
2021-07-27,Kasa,Zeleninovy krem s cervenou šošovicou,Cuketovo zemiakova harula,Kura na peruansky sposob,,
2021-07-27,Milton,Šalatova polievka z rimskeho šalatu batatov a zašlahaneho vajicka,Dusene hovadzie zadne z mladeho bycka falošna svieckova,Zeleninove tašticky samosa plnka jemne pikantna zeleninova,Sous vide srncie medajlonky omacka Demi Glas zo Shitake hubami,Kokosova Panna cotta plnena pralinkami Raffaello pyre z tmaveho ovocia
2021-07-27,Prazsky pub,Hovadzi vyvar,Bravcovy rezen s ryzou a kapustovym šalatom,,,
2021-07-27,Red Cafe,Tekvicova polievka,Madarsky gulaš domaca knedla,Kuraci šalat s bylinkovym dresingom,Vyprazany syr hranolky tatarska omacka,Pizza šunkova salamova šampinonova
2021-07-27,RTVS,Šošovicova kysla,Kapustove fliacky,Hovadzie CHILLI CON CARNE dusena ryza,Bravcove kare znojemske tarhona,
2021-07-27,Spilka,Ostro kysla polievka,Brazirovane hovadzie rebro s koprovou omackou a parenou knedlou,Duseny špenat s poširovanym vajickom a zemiakmi,,
2021-07-27,Suvlaki,Paradajkova polievka,Peceny LOSOS s tymianom kaparami a cherry paradajkami,Kuracie sote s ananasom,,
2021-07-27,Svadby a Kari,Cira šampinonova polievka na bielom vine s cerstvym tymianom VEGAN,Indonezske arašidove VEGAN Satay kari s cuketou paradajkami a mungo fazulkami cviklovy šalat s bazalkou,Kokosove hovadzie kari s kešu batatmi cuketou a broskynami cviklovy šalat s bazalkou,,
2021-07-27,Veglife,Kalerabova polievka s mrkvou,Azijske zeleninove rezance so sezamom,Tekvicove faširky so syrom zemiakove pyre s maslom,Zeleninove tajine ryza jasminova,Šalat Mozzarellovy šalat s olivami
2021-07-28,Alzbetka,Brokolicova kremova so syrom,Segedinsky gulas s parenou knedlou,Gnochi s kuracim masom a gorgonzolovou omackou baby spenat,Cestovinovy salat so zeleninou a syrom feta,
2021-07-28,Bioland,Tekvicova kremova s tymianom a prazenymi semienkami alergeny neobsahuje,Veganske bryndzove halusky s tofu slaninkou alergeny lepok soja,Placky z bezlepkovych vlociek na paradajkovo kapustovej omacke alergeny neobsahuje,Chia puding z kokosoveho mlieka a ovocim alergeny neobsahuje,
2021-07-28,BlueBear,Kulajda,Kuraci cernohorsky rezen s pecenymi zemiakmi a tatarskou omackou,Parene buchty plnene dzemom s maslom a kakaom,,TYZDENNE Jalapenos Burger s trhanym bravcovym masom a domacimi hranolkami
2021-07-28,Centr klub,Cviklova s kyslou smotanou a koprom,Salat s grilovanym ostiepkom jablko jogurtovy dresing hrianka,Svieckova na smotane parena knedla,,
2021-07-28,Ceska piv,Slepaci vyvar s masom a rezancami,Karotkovy krem,Spagety Aglio Olio,Kuraci cernohor s pecenymi zemiakmi a tatarskou omackou,Salat s kuracimi nugetkami a medovo horcicovym dresingom
2021-07-28,Galileo,Brokolicova kremova,Bravcovy spanielsky vtacik s dusenou ryzou,,,
2021-07-28,Kasa,Kelovo zemiakova polievka,Hummus sezamova mrkva a peceny cicer,Hovadzi brisket,,
2021-07-28,Milton,Morcacie ragu s korenovou zeleninou a safranom,Fasirky z u nas mleteho hovadzieho a bravcoveho masa,Paradajkovo zeleninove lasagne gratinovane s mozzarellou,Mini rezniky vyprazane medajlonky z br panenky bezlepkova uprava,Ovocny sorbet vyber cerstve jahody a cokoladovy preliv
2021-07-28,Prazsky pub,Kuraci vyvar s rezancami a zeleninou,Plneny bravcovy rezen na prirodno so sunkou syrom a spenatom s hranolkami,Salat s tuniakom krutonmi vajickom a bazalkovym dressingom,,
2021-07-28,Red Cafe,Kapustova polievka,Kur rolada plnena mozzarellou a sus paradajkami ryza,Fish and chips,Vyprazany syr hranolky tatarska omacka,Pizza sunkova salamova sampinonova
2021-07-28,RTVS,Zeleninova jarna,Bryndzove halusky so slaninkou,Bravcovy steak s volskym okom dusena ryza,Mlety rezen so syrom zemiaky s vnatkou,
2021-07-28,Spilka,Minestrone polievka,Bravcovy rezen fledermaust s domacim zemiakovym salatom,Domace bryndzove halusky schrumkavou cibulkou,,
2021-07-28,Suvlaki,Sosovicova polievka,Zapecena Tortila s mletym bravcovym masom baklazanom a syrom,Dusene kuracie maso so sampinonmi a susenymi paradajkami,,
2021-07-28,Svadby a Kari,Paradajkovo pomarancova polievka s kokosovym kremom VEGAN,Indicke spenatove kari VEGAN s rastlinnym jogurtom tofu paneerom a paradajkami salat z cervenej cibule s limetkou,Indicke kuracie Vindaloo s batatmi karfiolom a hrozienkami  salat z cervenej cibule s limetkou,,
2021-07-28,Veglife,Sosovicova polievka na kyslo,Kremove rizoto s cherry paradajkami a baby spenatom,Cviklove gulky so slnecnicou stuchane zemiaky s olivovym olejom,Spagetova torta,Salat Letny salat s orechami balkanskym syrom a figami
2021-07-29,Alzbetka,Minestrone s parmezanom,Hovadzi Cheese Burger so zemiakovymi hranolkami,Pecene kuracie stehno so zemiakovou kasou a chrumkavou cibulou,Cestovinovy salat so zeleninou a syrom feta,
2021-07-29,Bioland,Jarna zeleninova s petrzlenovou vnatou alergeny zeler,Miesany salat s klickami cherry rajcinami sedanom jablckom mandlami a citronovo medovou zalievkou alergeny zeler,Pohankova sekana so zemiakovou kasou a restovanou cibulkou alergeny neobsahuje,Bananove tiramisu alergeny mlieko vajcia lepok,
2021-07-29,BlueBear,Fazulova polievka s klobasou,Morcacie na zelenine s jazminovou ryzou a rukolou,G Lososove cestoviny s parmezanom a pazitkou,,TYZDENNE Jalapenos Burger s trhanym bravcovym masom a domacimi hranolkami
2021-07-29,Centr klub,Fazulova na kyslo,Gnocchi s tekvicovym pyre feta rukola,Wrap s kuracim masom hranolky cili majoneza,,
2021-07-29,Galileo,Hrstkova polievka,Holandsky mlety rezen so syrom zemiakovou kasou a kyslou uhorkou,,,
2021-07-29,Kasa,Cviklovo paradajkova polievka,Blansirovana zelenina v kokosovom mlieku quinoa,Morcacie gulky v omacke,,
2021-07-29,Milton,Karotkovy krem s kokosovym mliekom a s cervenou kari pastou,Grilovany steak z kuracich prs  zelerova slama,Grilovana morska ryba,Grilovane kacacie prsia omacka kacaci Demi Glace,Ml LaPanna talianska smotanova zmrzlina s prichutou biscotti e limone
2021-07-29,Prazsky pub,Sosovicova na kyslo,Svieckova na smotane s parenou knedlou,Farfalle s kuracim masom syrovou omackou a porom,,
2021-07-29,Red Cafe,Luskova polievka,Pecene kare na horcicnej omacke dusena ryza,Salat s pecenou hokkaido feta syrom a balsamicom,Vyprazany syr hranolky tatarska omacka,Pizza sunkova salamova sampinonova
2021-07-29,RTVS,Hrachova polievka,Cestoviny penne s arabiata omackou syr,Pecene maso cervena kapusta knedla,Francuzske zemiaky,
2021-07-29,Spilka,Zadeninova polievka,Kelovy privarok s pecenym hovadzim krkom azemiakmi,Hucvos rancheros s pecenym avokadom a tortillou      f,,
2021-07-29,Suvlaki,Cuketova polievka,Pecene hovadzie gulicky s rozmarinom,Pecene KURA s horcicovou omackou a tymianom,,
2021-07-29,Svadby a Kari,Poctiva ostrokysla polievka s kuracim masom a udenym tofu,Indicke VEGAN Aloo Gobi s karfiolom zemiakmi a hraskom  bananove catni,Thajske zlte hovadzie kari s mrkvou a brokolicou   bananove catni,,
2021-07-29,Veglife,Hraskovo matova polievka,Porovo syrovy quiche zemiakove pyre s maslom,Tofu kung pao ryza jasminova B V P,Robi rezen s balkanskym syrom zemiakove pyre s maslom,Salat Uhorkovo paradajkovy s olivami
2021-07-30,Alzbetka,Hovadzi vyvar s rezancami,Bravcovy steak s bazalkovym pestom a grilovanou zeleninou,Penne s lososom a smotanovou omackou baby spenat       Cestovinovy salat so zeleninou a syrom feta,,
2021-07-30,Bioland,Arasidova jemna so zeleninou alergeny arasidy zeler,Cevapcici z robi masa varene zemiaky a salat alergeny lepok soja horcicne semienko,Indicky sosovicovy dhal so zeleninou kokosovym mliekom a koriandrom alergeny horcicne semienko,Slivkovy osuch alergeny mlieko vajcia lepok,
2021-07-30,BlueBear,Cesnakova kremova polievka,Hovadzie rezanceky na hrasku s dusenou tarhonou,Vyprazane cuketove tycinky s varenymi zemiakmi a tatarskou omackou,,TYZDENNE Jalapenos Burger s trhanym bravcovym masom a domacimi hranolkami
2021-07-30,Centr klub,Masovy vyvar so zeleninou a rezancami,Hubove rizoto so susenymi paradajkami a baby spenatom,Bravcovy cernohor americke zemiaky cesnakovy dresing,,
2021-07-30,Galileo,Sosovicova polievka,Madarsky gulas s knedlou,,,
2021-07-30,Kasa,Hraskovo cuketova polievka,Zeleninova placka,Pecene kuracie stehno,,
2021-07-30,Milton,Zeleninova polievka zo sezonnej zeleniny s maslovo krupicovymi haluskami,Konfitovane bravcove kare plnene fauche z udenej klobasy,Kremova omacka z bravcovej stavy pecenej sladkej cibule a smotany,Zemiakove sulance s makom a prepustanym maslom,Cviklovo karotkove krupoto grilovany Chevrette De Poiton
2021-07-30,Prazsky pub,Mrkvova polievka s hraskom a krupicovymi haluskami,Vyprazana morska stuka so zemiakovym salatom,Gnocchi s restovanou kuracou pecienkou salviou paradajkami a parmezanom,,
2021-07-30,Red Cafe,Hrachova s udenym polievka,Kuraci gyros v tortille tzaziky,Francuzske zemiaky kysla uhorka,Vyprazany syr hranolky tatarska omacka,Pizza sunkova salamova sampinonova
2021-07-30,RTVS,Slepacia polievka,Pecene buchty s dzemom,Vyprazany syr mastene zemiaky tat omacka,Kotlikovy gulas chlieb,
2021-07-30,Spilka,Gaurry polievka s cicerom       obr,Marinovane kuracie prsa z gilu so salatom z mladych listov sostro kyslim dresingom,,Vyprazany karfiol s vabgnymi zemiakmi a catarkou,
2021-07-30,Suvlaki,Hraskova polievka,Peceny ZUBAC s olivami cerstvymi paradajkami a cesnakom,Kuracie sote s cuketou cervenou paprikou,,
2021-07-30,Svadby a Kari,Thajska studena polievka so zltym melonom kokosovym mliekom a thajskou bazalkou VEGAN,Thajske VEGAN cervene kari s farebnymi paprikami tekvicou cuketou a cicerom redkovkovy salat,Malajske kuracie kari s maslom GHEE zelenymi fazulkami paradajkami a kokosovym mliekom  redkovkovy salat,,
2021-07-30,Veglife,Zeleninova kari polievka s quinoou,Cuketova moussaka,Cicerovy falafel indicke zemiaky,Aloo gobi subji ryza natural B V P,Salat Mexicky s fazulkou B V P
2021-08-02,Alzbetka,Sampinonovy krem s bylinkami,Vyprazany bravcovy rezen s varenymi zemiakmi majoneza z peceneho cesnaku,Cviklove rizoto so syrom feta piniove orechy cviklove vyhonky,Cestovinovy salat so zeleninou a syrom feta,
2021-08-02,Bioland,Hlivovo zemiakova alergeny neobsahuje,Marocky tekvicovy kotlik s kuskusom alergeny lepok,Fazulovo mrkvovy gulas s ryzou alergeny neobsahuje,Raw makovo kakaova torta alergeny orechy,
2021-08-02,BlueBear,Sosovicova polievka na kyslo,Vyprazane kuracie pecienky s varenymi zemiakmi a tatarskou omackou,Spenatove rizoto s medvedim cesnakom a parmezanom,,TYZDENNE Jalapenos Burger s trhanym bravcovym masom a domacimi hranolkami
2021-08-02,Centr klub,Zeleninova kremova s opecenym chlebom,Grilovany encian pecene zemiaky brusnice listovy salat,Bravcova panenka na rozmarine slanine a slivkach ryza,,
2021-08-02,Ceska piv,Slepaci vyvar s masom a rezancami,Luskova polievka na kyslo,Kuracie kusky s grilovanou zeleninou ryza,Vyprazany encian varene zemiaky tatarska omacka,Salat s kuracimi rezancami bylinkovy dresing
2021-08-02,Kasa,Zeleninova polievka so sojou a zazvorom,Hubove risotto,Kare na masti cibuli a rasci,,
2021-08-02,Milton,Cesnakovo zemiakova kremova polievka,Grilovany steak z kuracich prs omacka zo zeleneho korenia,Grilovane bravcove rebra Sous Vide s whisky chilli marinadou,Malinovo smotanova torta,
2021-08-02,Prazsky pub,Zemiakovy krem so sampinonmi,Kuracie rizoto so zeleninou struhanym syrom a kyslou uhorkou,Penne s masovym ragu na smotane s rukolou,,
2021-08-02,Red Cafe,Sampinonova so zemiakmi polievka,Br Cernohor americke zemiaky uhorkovy salat,Hribove rizoto s parmezanom,Vyprazany syr hranolky tatarska omacka,Pizza sunkova salamova sampinonova
2021-08-02,RTVS,Hovadzi vyvar s cestovinou,Palacinky s tvarohom,Vyprazany bravcovy rezen dusena ryza,Hydinovy perkelt halusky,
2021-08-02,Spilka,S  druhy Ste pre,Paradajkova polievka,Grilovane kuracie stehna so satay omackoti a restovanou ryzou,Vyprazany syr s coleslav salatom a pecenymi zemiakmi,
2021-08-02,Suvlaki,Mili priatelia fanusikovia z dovodu dovolenky Bistro Suvlaki bude ZATVORENE od,Opat sa nas tesime v PONDELOK,,,
2021-08-02,Veglife,Sosovicova polievka na indicky sposob,Farfalle s bazalkovym pestom a goody foody,Grilovane robi platky s cuketovo koprovou omackou stuchane zemiaky s olivovym olejom,Shepherd s pie Pastiersky kolac,Salat Frisse s cherry paradajkami a tofu
2021-08-03,Alzbetka,Sosovicova s udenim masom,Kuraci gyros s domacim pita chlebom tzatziki cerstvy kopor,Gnochi s lesnymi hubami a slaninou parmezan,Rucolovy salat s baby mozzarellou cherry paradajky cierne olivy a balsamico dresing,
2021-08-03,Bioland,Kelova s mrkvou alergeny neobsahuje,Vegansky tempehovy stroganov s pecenymi zemiakmi alergeny soja horcicne semienko,Ratatouille s rastlinnym syrom a bazalkou alergeny neobsahuje,Cucoriedkova bublanina alergeny vajcia lepok,
2021-08-03,BlueBear,Frankfurtska polievka s parkom,Zapekana kolozvarska kapusta s klobasou a kyslou uhorkou,Pecene rybie file so zemiakovou kasou a coleslaw salatom,,TYZDENNE Jalapenos Burger s trhanym bravcovym masom a domacimi hranolkami
2021-08-03,Centr klub,Hubova s mrvenicou,Salat s kuracim masom kuskus vajicko jogurtovy dresing krutony,Hovadzi paprikas halusky spenat,,
2021-08-03,Ceska piv,Slepaci vyvar s masom a rezancami,Sosovicova s parkom,Kuracie na cinsky sposob s ryzou,Vyprazany bravcovy rezen zemiakova kasa,Salat s grilovanym ostiepkom brusnicovy dip
2021-08-03,Galileo,Slepacia polievka s cestovinou,Br panenka na prirodno s dubakmi a zem krokrtami,,,
2021-08-03,Kasa,Spenatova polievka,Zeleninove curry,Viedenska hovadzia rostenka,,
2021-08-03,Milton,Hrachova kremova polievka s restovanou cibulkou a slaninkou,Tradicne talianske masove gulky pecene v paradajkovej omacke,U nas mlete hovadzie a bravcove maso,Vyprazany Falafel cicerove gulky,Rump steak pripravovany technologiou Sous Vide
2021-08-03,Prazsky pub,Hovadzi vyvar,Bravcovy rezen s ryzou a kapustovym salatom,,,
2021-08-03,Red Cafe,Fazulova s klobaskou polievka,Kuracie medailonky na BBQ omacke dusena ryza,Cuketove placky so struhanou nivou sviezi zelenin salat,Vyprazany syr hranolky tatarska omacka,Pizza sunkova salamova sampinonova
2021-08-03,RTVS,Sosovicova kysla,Kapustove fliacky,Hovadzie CHILLI CON CARNE dusena ryza,Bravcove kare znojemske tarhona,
2021-08-03,Spilka,Hovadzia polievka s pecenovymi haluskami,Bravcova panenka na vine s estovanymi gnocchi,Spenatovy salat s pecenou repou kozim syrom a orechri,,
2021-08-03,Suvlaki,Mili priatelia fanusikovia z dovodu dovolenky Bistro Suvlaki bude ZATVORENE od,Opat sa nas tesime v PONDELOK,,,
2021-08-03,Veglife,Brokolicova kremova polievka,Baklazanova mousaka,Aloo matar kofty v paradajkovo kokosovej omacke indicke zemiaky,Seitan na sposob Stroganoff ryza jasminova,Salat Celozrnny kuskusovy salat
2021-08-04,Alzbetka,Paradajkova s parmezanom,Zemiakovy privarok s dusenymi hovadzim masom a bylinkami chliieb,Pecena btravcova krkovicka so zemiakovou kasou a viedenskou cibulou demi glace,Rucolovy salat s baby mozzarellou cherry paradajky cierne olivy a balsamico dresing,
2021-08-04,Bioland,Eintopf zeleninovo strukovinova polievka alergeny zeler,Zeleninove placky s chia semienkami bylinkovym dipom a salatom alergeny vajce mlieko,Pohankove cestoviny s paradajkovo bazalkovym pestom olivami a baby spenatom alergeny neobsahuje,Raw karobovo bananova torta alergeny orechy,
2021-08-04,BlueBear,Kulajda,Kuraci cernohorsky rezen s pecenymi zemiakmi a tatarskou omackou,Parene buchty plnene dzemom s maslom a kakaom,,TYZDENNE Jalapenos Burger s trhanym bravcovym masom a domacimi hranolkami
2021-08-04,Centr klub,Hrachova so zeleninou,Francuzske zemiaky kysla uhorka,Morcacie stehno marinovane v bylinkach slovenska ryza uhorkovy salat,,
2021-08-04,Ceska piv,Slepaci vyvar s masom a rezancami,Kapustova polievka s klobasou,Spagety Carbonara,Kuracie prsia zapekane s encianom a olivami ryza,Salat s grilovanou bravcovou panenkou
2021-08-04,Galileo,Cukinovy krem,Svieckova na smotane s knedlou,,,
2021-08-04,Kasa,Polievka z cervenej nelupanej sosovice,Hlivovy paprikas,SPECIAL Konfitovane kacacie stehno cervena kapusta,,
2021-08-04,Milton,Kari kuracia polievka so zeleninou ryzovymi rezancami koriandrom a zelenou kari pastou,Grilovane kuracie prsia plnene olivami sus paradajkami a mozzarellou,Pappardelle all Arabiata,Olivovy olej cibula cesnak cerstve chilli papricky paradajky a drvene paradajky,Konfitovane kacacie stehno omacka Grand Veneur
2021-08-04,Prazsky pub,Kuraci vyvar s rezancami a zeleninou,Plneny bravcovy rezen na prirodno so sunkou syrom a spenatom s hranolkami,Salat s tuniakom krutonmi vajickom a bazalkovym dressingom,,
2021-08-04,Red Cafe,Brokolicova kremova polievka,Pffefer steak z bravcovej panenky rozmarinove zemiaky,Spenatove halusky na syrovej omacke s kuracimi kuskami,Vyprazany syr hranolky tatarska omacka,Pizza sunkova salamova sampinonova
2021-08-04,RTVS,Zeleninova jarna,Bryndzove halusky so slaninkou,Bravcovy steak s volskym okom dusena ryza,Mlety rezen so syrom zemiaky s vnatkou,
2021-08-04,Spilka,Sampinonovy krem,Sosovicovy privarok s trhanym hovadzim masom      a,Bulgur s wakame salatom agrilovanym tofu a mangom,,
2021-08-04,Suvlaki,Mili priatelia fanusikovia z dovodu dovolenky Bistro Suvlaki bude ZATVORENE od,Opat sa nas tesime v PONDELOK,,,
2021-08-04,Veglife,Paradajkova polievka s bielou fazulou,Krupkovo syrove karbonatky zemiakove pyre s maslom,Segedinsky gulas s udenym BIO tempehom parena knedla,Cicerovo quinoove kari ryza jasminova B V P,Salat Mexicky kukuricovy salat
2021-08-05,Alzbetka,Spenatova so syrom,Quesadila s bravcovym trhanym masom a zemiakovymi hranolkami kysla smotana,Plnena paprika s parenou knedlou,Rucolovy salat s baby mozzarellou cherry paradajky cierne olivy a balsamico dresing,
2021-08-05,Bioland,Borsc s korenovou zeleninou alergeny zeler,Sosovicovy salat s horcicnymi semienkami a susenymi paradajkami alergeny horcicne semienko,Pecene tofu s dusenou kapustou a zemiakmi alergeny soja,Jahodovy cheescake alergeny lepok mlieko vajcia,
2021-08-05,BlueBear,Fazulova polievka s klobasou,Morcacie na zelenine s jazminovou ryzou a rukolou,G Lososove cestoviny s parmezanom a pazitkou,,TYZDENNE Jalapenos Burger s trhanym bravcovym masom a domacimi hranolkami
2021-08-05,Centr klub,Gulasova s majoranom,Jablkovo tvarohova zemlovka,Pecene kuracie stehno ryza broskynovy kompot,,
2021-08-05,Galileo,Karfiolova polievka,Bravcovy rezen na hrasku s tarhonou,,,
2021-08-05,Kasa,Zemiakova polievka na kyslo,Dahl z ciernej fazule,Fasirka,,
2021-08-05,Milton,Divinove consome silny vyvar z jelenich kosti zelenina a pecenove halusky,Vyprazane kuracie stehno s kostou v bezlepkovej uprave,Grilovana morska ryba,Kremove jahnacie ragu s dubakmi a Chardonay,Zmrzlinovy pohar ovocie vyber zmrzliny a sorbetu cokolada a slahacka
2021-08-05,Prazsky pub,Sosovicova na kyslo,Svieckova na smotane s parenou knedlou,Farfalle s kuracim masom syrovou omackou a porom,,
2021-08-05,Red Cafe,Francuzska cibulacka so syrovym krutonom,Vypr vykostene kuracie stehno zemiak kasa mix salat,Grilovany encian na listovom salate sipkovy dip,Vyprazany syr hranolky tatarska omacka,Pizza sunkova salamova sampinonova
2021-08-05,RTVS,Hrachova polievka,Cestoviny penne s arabiata omackou syr,Pecene maso cervena kapusta knedla,Francuzske zemiaky,
2021-08-05,Spilka,Faztkova polievka na kyslo,Kuraci perkel s domacimi haluskami,Spenatove canelloni s ricottou a spenatom,,
2021-08-05,Suvlaki,Mili priatelia fanusikovia z dovodu dovolenky Bistro Suvlaki bude ZATVORENE od,Opat sa nas tesime v PONDELOK,,,
2021-08-05,Veglife,Kari polievka s kokosovym mliekom,Robi karbonatky zemiakove pyre s restovanou cibulkou,Gnocchi so syrovo brokolicovou omackou a pazitkou,Sosovicova sekana s tempehom a sampinonmi zemiakove pyre s restovanou cibulkou,Salat Uhorkovy s matou
2021-08-06,Alzbetka,Slepaci vyvar s pecenovymi haluskami,Spanielsky vtacik s tarhonou,Vyprazana morska stuka v pivnej tempure s maslovou kasou petrzlenova majoneza      Rucolovy salat s baby mozzarellou cherry paradajky cierne olivy a balsamico dresing,,
2021-08-06,Bioland,Zeleninová polievka s batátmi a cviklou alergény neobsahuje,Vegánske paradajkové lasagne s cuketou a šalátom alergény lepok,Hubovo hráškový kotlík s pažítkou a pšenom alergény neobsahuje,Čokoládová quinoa s karamelizovaným ananásom a pomarančovou šťavou alergény neobsahuje,
2021-08-06,BlueBear,Cesnaková krémová polievka,Hovädzie rezančeky na hrášku s dusenou tarhoňou,Vyprážané cuketové tyčinky s varenými zemiakmi a tatárskou omáčkou,,TYZDENNE Jalapeňos Burger s trhaným bravčovým mäsom a domácimi hranolkami
2021-08-06,Centr klub,Mrkvový krém so zázvorom a krutónmi,Penne arabiata bazalka mozzarella caprese,Bravčová sekaná zemiakový prívarok kôpor vajíčko chlieb,,
2021-08-06,Galileo,Šošovicová polievka,Mexické kuracie soté s dusenou ryžou,,,
2021-08-06,Kasa,Slepačí vývar,Grilovaný encián,Bryndzové špenátové halušky so slaninou,,
2021-08-06,Milton,Cícerový krém s Tahinou sezamová pasta dochutený citrónovou šťavou,Plátky z falošnej hovädzej sviečkovice dusené v horčicovej zeleninovej omáčke,Cisársky trhanec s hrozienkami,Na kruste z morskej soli pečený filet zo zubáča,Prudko grilované plátky z hovädzej sviečkovice
2021-08-06,Prazsky pub,Mrkvová polievka s hráškom a krupicovými haluškami,Vyprážaná morská šťuka so zemiakovým šalátom,Gnocchi s restovanou kuracou pečienkou šalviou paradajkami a parmezánom,,
2021-08-06,Red Cafe,Šošovicová na kyslo polievka,Kuracie Kung Pao jasmínová ryža,Koložvárska kapusta,Vyprážaný syr hranolky tatárska omáčka,Pizza šunková salámová šampiňónová
2021-08-06,RTVS,Slepačia polievka,Pečené buchty s džemom,Vyprážaný syr mastené zemiaky tat omáčka,Kotlíkový guláš chlieb,
2021-08-06,Spilka,Tortilová polievka s fazuľou       ao,Hovädzie curry s kuskusom a zeleninou,Ruesadilla savokádom kukuricou a paradajkovou salsou,,
2021-08-06,Suvlaki,Mili priatelia fanušikovia z dôvodu dovolenky Bistro Suvlaki bude ZATVORENÉ od,Opäť sa nás tešíme v PONDELOK,,,
2021-08-06,Veglife,Zemiaková polievka na kyslo,Fregola sarda s paradajkami,Tofu na wok zelenine ryža jasmínová,Zapekané bataty s tofu a bazalkovým pestom,Šalát Mozzarellový šalát s olivami
2021-08-09,Alzbetka,Hraskovy krem s krutonmi,Bravcovy cernohorsky rezen s varenymi zemiakmi a tatarskou omackou,Kuracie curry s jazminovou ryzou,Ceasar salat s grilovanymi krevetami,
2021-08-09,Bioland,Krémová brokolicovo špenátová s baby špenátom alergény neobsahuje,Cuketovo paradajkové rizoto s parmezánom vegan alergény neobsahuje,Špaldové rezance s makom a karamelovým jabĺčkom alergény lepok,Raw čučoriedková torta alergény orechy,
2021-08-09,BlueBear,Špenátová polievka so zemiakmi,Kuracie na hrášku s dusenou ryžou a kyslou uhorkou,Grilovaný encián s varenými zemiakmi tatárska omáčka,,TYZDENNE Sépiové špagety nerro s morskými plodmi bylinkami a parmezánovými hoblinami
2021-08-09,Centr klub,Hráškový krém s opečeným chlebom,Bryndzové halušky s vypečenou slaninou,Kurací steak pečená zelenina zemiaková kaša,,
2021-08-09,Ceska piv,Slepačí vývar s mäsom a rezancami,Kuracie prsia na prírodno s fazuľovými lúskami,Stroganov z bravčovej panenky s ryžou,Šalát s mozzarellou a medvedím pestom,
2021-08-09,Galileo,Polievka z fazuľových srukov na kyselo,Varené br stehno s kôprovou omáčkou a knedľou,,,
2021-08-09,Kasa,DOVOLENKUJEME,,,,
2021-08-09,Milton,Zeleninová krémová polievka s kokosovým mliekom a limetkovými lístkami,Sous Vide kuracia roláda vykostené kura a kuracie fauche v úprave Sous Vide,Grilovaný lososový steak plnený listovým špenátom,Konfitované kačacie stehno,Zmrzlinový pohár ovocie výber zmrzliny čokoláda a šľahačka
2021-08-09,Prazsky pub,Zemiakový krém so šampiňónmi,Kuracie rizoto so zeleninou strúhaným syrom a kyslou uhorkou,Penne s mäsovým ragú na smotane s rukolou,,
2021-08-09,Red Cafe,Tekvicová polievka,Kurací steak na nivovej omáčke pečené zemiaky,Vypr šampiňóny na listovom šaláte cesnakový dip,Vyprážaný syr hranolky tatárska omáčka,Pizza šunková salámová šampiňónová
2021-08-09,RTVS,Hovädzí vývar s cestovinou,Palacinky s tvarohom,Vyprážaný bravčový rezeň dusená ryža,Hydinový perkelt halušky,
2021-08-09,Spilka,S  druhy Ste pre,Kukuričná polievka s klobásou,Kurácie prsia s broskyňou zapečené so syrom a ryžou,Vyprážaný syr s hranolkami a domácou tatarkou,
2021-08-09,Svadby a Kari,Fazuľová polievka so sušenými paradajkami a čerstvým oreganom VEGAN,Srílanské cviklové VEGAN kari s bielymi fazuľami a zelenými fazuľkami limetovo petržlenové čatní,Indické baklažánové kuracie kari Pav Bhaji s maslom GHEE karfiolom zemiakmi a paradajkami limetovo petržlenové čatní,,
2021-08-09,Veglife,Lusková polievka na kyslo,Ananásové karí s tofu a kokosovým mliekom ryža jasmínová B V P,Grilované robi s červenou cibuľkou na hrachovej kaši šťuchané zemiaky s olivovým olejom,Zapekané tempehové gnocchi s cheddarom,Šalát Grécky šalát
2021-08-10,Alzbetka,Francuzska cibulacka so syrom,Kapustove strapacky s udenou krkovickou,Pecene kuracie kridelka so zemiakovymi hranolkami a coleslaw salatom,Ceasar salat s grilovanymi krevetami,
2021-08-10,Bioland,Zemiaková s čerstvým kôprom alergény neobsahuje,Indické Vindaloo s jazmínovou ryžou alergény horčičné semienko,Grilovaný encián s pečenými zemiakmi a bylinkovým dipom alergény mlieko,Tiramisu s kakaovým mascarpone alergény mlieko lepok vajcia,
2021-08-10,BlueBear,Paradajková polievka so syrom,Pečená fašírka so zemiakovou kašou a kyslou uhorkou,Špenátové halušky s omáčkou z modrého syra a chrumkavou cibuľkou,,TYZDENNE Sépiové špagety nerro s morskými plodmi bylinkami a parmezánovými hoblinami
2021-08-10,Centr klub,Zeleninová s mrvenicou,Vyprážaný syr hranolky tatárska omáčka,Pečená krkovička na pive tarhoňa paradajkovo paprikový šalát,,
2021-08-10,Ceska piv,Slepačí vývar s mäsom a rezancami,Šampiňónová krémová,Tagliatelle Arrabbiata,Vyprážaný bravčový rezeň slovenský zemiakový šalát,Šalát s grilovaným lososom a kôprovým dipom
2021-08-10,Galileo,Hŕstková polievka,Vyprážaný br rezeň so zemiakovým šalátom,,,
2021-08-10,Kasa,DOVOLENKUJEME,,,,
2021-08-10,Milton,Krémová polievka zo zeleného hrášku s mätovým olejom,Dusené hovädzie zadné z mladého býčka na lesných hríboch,Na kruste z morskej soli pečený filet zo zubáča podávaný na hráškovom pyré,Jahňacie kotlety marinované vyzretým balsamicom,Jahodové Tiramisu a la Milton no alcohol
2021-08-10,Prazsky pub,Hovädzí vývar,Bravčový rezeň s ryžou a kapustovým šalátom,,,
2021-08-10,Red Cafe,Hríbová so zeleninou polievka,Chilli con carne ryža,Brokolicové rizoto s mozzarellou,Vyprážaný syr hranolky tatárska omáčka,Pizza šunková salámová šampiňónová
2021-08-10,RTVS,Šošovicová kyslá,Kapustové fliačky,Hovädzie CHILLI CON CARNE dusená ryža,Bravčové karé znojemské tarhoňa,
2021-08-10,Spilka,Šošovicová polievka,Plnená papráka s paradajkovou omáčkou a domácou patenou knedľou,Restovaná ryža s hubami portobello a domácim kimchi,,
2021-08-10,Suvlaki,Mili priatelia fanušikovia z dôvodu dovolenky Bistro Suvlaki bude ZATVORENÉ od,Opäť sa nás tešíme v PON,Ďakujeme za vašu priazeň a podporu,,
2021-08-10,Svadby a Kari,Petržlenová polievka s kokosovým mliekom a limetkou VEGAN,Thajské žlté kari so žltým melónom cuketou a zelenými fazuľkami paradajkový šalát so sójou a čerstvou bazalkou,Thajské hovädzie Panang kari s arašídmi paprikou a cuketou    paradajkový šalát so sójou a čerstvou bazalkou,,
2021-08-10,Veglife,Harira marocká cícerová polievka,Jačmenné krúpky s bryndzou pažítkou a tempehom,Šošovicový gulaš s baklažánom a tofu ryža basmati,Cuketové placky so syrom indické zemiaky,Šalát Brokolicovo cviklový s polníčkom
2021-08-11,Alzbetka,Fazulova na kyslo,Hovadzi buritos s tortilla chipsami a kyslou smotanou,Hraskove rizoto s grilovanym kozim syrom,Ceasar salat s grilovanymi krevetami,
2021-08-11,Bioland,Krémová z koreňovej zeleniny s pažítkou alergény neobsahuje,Špagety bolognese z tofu a vegánskym parmezánom alergény sója lepok,Pohánková sekaná so zemiakovou kašou a restovanou cibuľkou alergény neobsahuje,Raw banánová torta alergény orechy,
2021-08-11,BlueBear,Lúsková polievka so zemiakmi,Zemiakové šúľance s maslom makom cukrová posýpka,Pečené kuracie stehno na sedliacky spôsob dusená tarhoňa,,TYZDENNE Sépiové špagety nerro s morskými plodmi bylinkami a parmezánovými hoblinami
2021-08-11,Centr klub,Lúsková na kyslo,Slivkové pirohy s opečenou strúhankou a maslom,Maďarský guláš parená knedľa,,
2021-08-11,Ceska piv,Slepačí vývar s mäsom a rezancami,Špenátová s vajíčkom,Kuracie prsia zapekané so slaninkou a enciánom ryža,Bravčový pivársky guláš s knedľou,Šalát s kuracími nugetkami medovo horčicový dresing
2021-08-11,Galileo,Čínska ostrokyslá polievka,Kurací perkelt so stehna s haluškami,,,
2021-08-11,Kasa,DOVOLENKUJEME,,,,
2021-08-11,Milton,Consomé z hovädzích špikových kostí niťovky a zelenina,Grilované kuracie psia plnené brokolicou a syrom,Grilovaná morská ryba,Anglický roastbeef podávaný krájaný na tenké plátky,Hruška varená v červenom víne podávaná s vanilkovou zmrzlinou
2021-08-11,Prazsky pub,Kurací vývar s rezancami a zeleninou,Plnený bravčový rezeň na prírodno so šunkou syrom a špenátom s hranolkami,Šalát s tuniakom krutónmi vajíčkom a bazalkovým dressingom,,
2021-08-11,Red Cafe,Cesnaková krémová s krutónmi polievka,Kurací Cordon Bleu tlačené zemiaky uhorkový šalát,Špenátové lasagne,Vyprážaný syr hranolky tatárska omáčka,Pizza šunková salámová šampiňónová
2021-08-11,RTVS,Zeleninová jarná,Bryndzové halušky so slaninkou,Bravčový steak s volským okom dusená ryža,Mletý rezeň so syrom zemiaky s vňaťkou,
2021-08-11,Spilka,Minestrone polievka,Bravčová kotleta s peper omáčkou a batátové hranolky,Cuketový prívarok s pošírovaným vajíčkom azemiakmi s cibuľkou,,
2021-08-11,Suvlaki,Mili priatelia fanušikovia z dôvodu dovolenky Bistro Suvlaki bude ZATVORENÉ od,Opäť sa nás tešíme v PON,Ďakujeme za vašu priazeň a podporu,,
2021-08-11,Veglife,Pórkovo zemiaková polievka,Zeleninové stir fry s tofu ryža jasmínová,Brokolicové lasagne s mozzarellou,Španielske natural rizoto s goody foody,Šalát Thajský uhorkový
2021-08-12,Alzbetka,Staroceska kulajda,Pecene kacacie stehno s cervenou kapustou a parenou buchtou nakladane brusnice,Gnocchi s paradajkovou omackou slanina cierne olivy rucola,Ceasar salat s grilovanymi krevetami,
2021-08-12,Bioland,Vegánska gulášová alergény zeler,Miešaný šalát s cviklou vegan syrom kešu orechmi olivami suš rajčinami a tek olejom alergény orechy,Lasagne s omáčkou bolognese z tofu mozzarellou a baby špenátom alergény lepok sója mlieko,Jablkovo kakaový koláč s polevou alergény lepok vajce mlieko,
2021-08-12,BlueBear,Gulášová polievka,Bryndzové halušky s restovanou slaninkou a mladou cibuľkou,G Grilovaná bravčová panenka so syrovou omáčkou a domácimi hranolkami,,TYZDENNE Sépiové špagety nerro s morskými plodmi bylinkami a parmezánovými hoblinami
2021-08-12,Centr klub,Šošovicová s párkom,Šalát s grilovanou zeleninou bylinkové pesto mozzarella caprese toast,Kurací rezeň v pivnom cestíčku pečené zemiaky bylinkový dresing,,
2021-08-12,Ceska piv,Slepačí vývar s mäsom a rezancami,Paradajková so syrom,Penne s kuracím mäsom a pórom parmezán,Bravčový vyprážaný cordon bleu varené zemiaky tatárska omáčka,Šalát s grilovaným enciánom hroznom a orechmi
2021-08-12,Galileo,Divynový vývar s cestovinou,Gordon Bleu so zemiakovou kašou kapustový šalát,,,
2021-08-12,Kasa,DOVOLENKUJEME,,,,
2021-08-12,Milton,Šošovicová polievka s údeninou a zemiakmi  chlieb,U nás pripravovaný hamburger u nás mleté hovädzie mäso,Fritované šampiňóny plnené ricottou pažítkou a syrom pecorino,Pomaly pečená roláda z mliečneho prasiatka,Cheesecake a mango couilis
2021-08-12,Prazsky pub,Šošovicová na kyslo,Sviečková na smotane s parenou knedľou,Farfalle s kuracím mäsom syrovou omáčkou a pórom,,
2021-08-12,Red Cafe,Kapustová s klobáskou polievka,Br soté v zemiakovej placke čalamáda,Kurací šalát s francúzskym dresingom celozrnná bagetka,Vyprážaný syr hranolky tatárska omáčka,Pizza šunková salámová šampiňónová
2021-08-12,RTVS,Hrachová polievka,Cestoviny penne s arabiata omáčkou syr,Pečené mäso červená kapusta knedľa,Francúzske zemiaky,
2021-08-12,Spilka,Mukgvový krém s koriandrom,Kurací steak so zemiakovým pyré a šampiňónovou omáčkou,Domáce parené buchty s jahodami a tvarohom,,
2021-08-12,Suvlaki,Mili priatelia fanušikovia z dôvodu dovolenky Bistro Suvlaki bude ZATVORENÉ od,Opäť sa nás tešíme v PON,Ďakujeme za vašu priazeň a podporu,,
2021-08-12,Veglife,Krém z koreňovej zeleniny s kokosovým mliekom,Maslová fazuľa v paradajkovo parmezánovej omáčke petržlenové zemiaky,Teriaki goody foody soté kurkumová basmati ryža s kešu,Tofu v zeleninovo arašidovej omáčke kurkumová basmati ryža s kešu B V P,Šalát Rosso medový s orechami
2021-08-13,Alzbetka,Kacaci vyvar s rezancami,Pecene kuracie stehno s hribovou omackou a zemiakovou kasou,Hlivovy paprikas s maslovymi haluskami     Ceasar salat s grilovanymi krevetami,,
2021-08-13,Bioland,Letná kapustová alergény neobsahuje,Zemiakový prívarok s hubovým nákypom a vareným vajíčkom alergény mlieko vajcia,Červené karí s fazuľou šampiňónmi a ryžou alergény horčičné semienko,Tapiokový puding s mangom a malinami alergény neobsahuje,
2021-08-13,BlueBear,Karfiolová krémová polievka,Vyprážané šampiňóny s varenými zemiakmi tatárska omáčka,G Chilli con carne s dusenou ryžou a chrumkavou cibuľkou,,TYZDENNE Sépiové špagety nerro s morskými plodmi bylinkami a parmezánovými hoblinami
2021-08-13,Centr klub,Mäsový vývar so zeleninou a rezancami,Bravčové rizoto so syrom kyslá uhorka,Kurací steak fazuľové čili ragú s kukuricou zemiakové krokety,,
2021-08-13,Ceska piv,Slepačí vývar s mäsom a rezancami,Karfiolová krémová polievka,Kuracie soté so slaninkou a kukuricou ryža,Francúzske zemiaky s kyslou uhorkou,Caesar šalát
2021-08-13,Galileo,Mrkvový krém,Kurací gyros s dresingom ryža hranolky,,,
2021-08-13,Kasa,DOVOLENKUJEME,,,,
2021-08-13,Milton,Karotkový krém so šafranom a strúhaným parmezánom,Pečené bravčové stehno á la Znojemská pečienka,Ryžový nákyp z pečenými jablkami a sušenými brusnicami ochutený čerstvou vanilkou,Grilovaný Camembert plnený sušenými paradajkami a baby špenátom,Roláda z hovädzej sviečkovice plnená panchettou bazalkovými listami a sušenými paradajkami
2021-08-13,Prazsky pub,Mrkvová polievka s hráškom a krupicovými haluškami,Vyprážaná morská šťuka so zemiakovým šalátom,Gnocchi s restovanou kuracou pečienkou šalviou paradajkami a parmezánom,,
2021-08-13,Red Cafe,Zeleninová s haluškami polievka,Pečené kačacie stehno dusená kapusta domáca knedľa,Cestovinový šalát s tuniakom a kukuricou,Vyprážaný syr hranolky tatárska omáčka,Pizza šunková salámová šampiňónová
2021-08-13,RTVS,Slepačia polievka,Pečené buchty s džemom,Vyprážaný syr mastené zemiaky tat omáčka,Kotlíkový guláš chlieb,
2021-08-13,Spilka,Kurací ramen s rezancami        hi,Fish c chips teska s hranolkami a tararkou,Pečené avokádo s holandskou omáčkou cviklou a zemiakmi,,
2021-08-13,Suvlaki,Mili priatelia fanušikovia z dôvodu dovolenky Bistro Suvlaki bude ZATVORENÉ od,Opäť sa nás tešíme v PON,Ďakujeme za vašu priazeň a podporu,,
2021-08-13,Veglife,Minestrone polievka,Gratinovaná hokaido tekvica s údeným syrom a tymiánom,Karfiolový paprikáš s BiO tempehom pažítkové zemiaky,Vegan köttbullar v gravy omáčke pečené zemiaky,Šalát Cícerový s paradajkami a rukolou
2021-08-16,Alzbetka,Hrstkova s udeninou,Pecena bravcova krkovicka s dusenou kapustou a parenou knedlou,Fettuccine s Nivovou omackou s parmezanom a baby spenatom,Ceasar salat s kuracim masom a chlebovymi krutonmi,
2021-08-16,Bioland,Cviklová krémová polievka s chrenom alergény neobsahuje,TROPICA sladkokyslá zelenina s ananásom alergény sója,Vegánske zeleninové rizoto na kokosovom oleji a vegan cheddarom alergény neobsahuje,Raw kokosovo pomarančová torta alergény orechy,
2021-08-16,BlueBear,Brokolicový krém s cesnakovým krutónom,Kurací stroganov s hráškovou ryžou a rukolou,G Cestoviny carbonara so strúhaným syrom,,TYZDENNE Waffla burger so šťavnatým hovädzím mäsom cheddarom slaninou vajíčkom s domácimi hranolkami
2021-08-16,Centr klub,Cesnaková so syrom a opečeným chlebom,Bryndzové pirohy so smotanou a chrumkavou cibuľou,Kuracie prsia s wok zeleninou ryža kapustový šalát,,
2021-08-16,Ceska piv,Slepačí vývar s mäsom a rezancami,Kurací prírodný plátok s baby karotkou a ryžou,Vyprážaný bravčový rezeň so slovenským zemiakovým šalátom,Šalát s grilovaným enciánom hroznom a orechmi,
2021-08-16,Galileo,Paradajková polievka so syrom,Zapekané palacinky s tvarohom,,,
2021-08-16,Milton,Krémová polievka z čierneho koreňa tekvicový olej,Hovädzie zadné z mladého býčka podávané krájané na plátky dusené v paradajkovo zeleninovej remuláde,Grilovaná morská ryba,Mini rezníky vyprážané medajlónky z br panenky,Suflé z bielej čokolády a čučoriedkový couilis
2021-08-16,Prazsky pub,Zemiakový krém so šampiňónmi,Kuracie rizoto so zeleninou strúhaným syrom a kyslou uhorkou,Penne s mäsovým ragú na smotane s rukolou,,
2021-08-16,RTVS,Hovädzí vývar s cestovinou,Palacinky s tvarohom,Vyprážaný bravčový rezeň dusená ryža,Hydinový perkelt halušky,
2021-08-16,Spilka,S iná A a Poč Tá,Druhy Pre,Paradajková polievka so syrom     z,Kurací stroganov s ryžou,Vyprážaný syr s opekanými zemiakmi a domácou tatarkou
2021-08-16,Veglife,Miso zeleninový vývar s tofu,Alfredo tagliatelle s goody foody a háškom,Karfiolový rezeň so syrom šťuchané zemiaky s olivovým olejom,Natural rizoto s lesnými hubami a hráškom,Šalát Brokolicovo paradajkový s olivami
2021-08-17,Alzbetka,Brokolicova so syrom,Bravcovy rezen plneny slaninou a bryndzou so zemiakovou kasou s cibulou,Kuraci steak s avokadovou salsou a pecenymi batatmi,Ceasar salat s kuracim masom a chlebovymi krutonmi,
2021-08-17,Bioland,Zeleninová polievka s jabĺčkom a kurkumou alergény neobsahuje,Cviklovo špaldové halušky s kešu omáčkou a redchard šalátom alergény lepok orechy kešu,Brokolicová fašírka s batátovými humusom a šalátom alergény sézam,Jablkové pité s tvarohom alergény lepok mlieko vajcia,
2021-08-17,BlueBear,Šošovicová polievka so zeleninou,Pečená bravčová krkovica so sedliackymi zemiakmi a kyslou uhorkou,Špaldové halušky s hermelínovou omáčkou a chrumkavou cibuľkou,,TYZDENNE Waffla burger so šťavnatým hovädzím mäsom cheddarom slaninou vajíčkom s domácimi hranolkami
2021-08-17,Centr klub,Minestróne s čestvou bazalkou,Cézar šalát s kuracím mäsom,Bravčová živánska s krkovičky,,
2021-08-17,Ceska piv,Slepačí vývar s mäsom a rezancami,Zeleninová polievka,Kuracie prsia s omáčkou z lesných hríbikov ryža,Bryndzové pirohy so slaninkou,XXL Vyprážaný bravčový rezeň slovenský zemiakový šalát
2021-08-17,Galileo,Pórová polievka,Špargľové rizoto s parmezánom,,,
2021-08-17,Milton,Tom Yum kuracia polievka s kokosovým mliekom a ryžovými rezancami,Grilované kuracie prsia zapekané s cuketou a kozím syrom,Omáčka kuracia šťava s pažítkou,Pasta roláda so špenátom sušenými paradajkami a syrom gouda,Konfitovaná teľacia falošná sviečková na bylinkách
2021-08-17,Prazsky pub,Hovädzí vývar,Bravčový rezeň s ryžou a kapustovým šalátom,,,
2021-08-17,Red Cafe,Kulajda polievka,Bravčové znojemské kocky tarhoňa,Caesar šalát s kuracím mäsom,Vyprážaný syr hranolky tatárska omáčka,Pizza šunková salámová šampiňónová
2021-08-17,RTVS,Šošovicová kyslá,Kapustové fliačky,Hovädzie CHILLI CON CARNE dusená ryža,Bravčové karé znojemské tarhoňa,
2021-08-17,Spilka,Ostroskyslá polievka,Rezeň Černohor s domácim zemiakovým šalátom,Restovaná ryža s wakame riasami a údeným tofu,,
2021-08-17,Veglife,Tekvicový krém s kurkumou,Kukuričná polenta s batatmi a tempehom dusený špenát na cesnaku,Grilované robi s gravy omáčkou pečené zemiaky,Cviklovo zemiakový gratin,Šalát Kapustovo rukolový šalát s tekvicovými semiačkami
2021-08-18,Alzbetka,Kapustova s klobasou,Kuraci Gyros so zemiakovymi hranolkami a s tzatziky omackou,Sote ala Spanielsky vtacik s ryzou a kyslou uhorkou,Ceasar salat s kuracim masom a chlebovymi krutonmi,
2021-08-18,Bioland,Minestrone s quinoou alergény neobsahuje,Grilovaný zeler s cuketovými tortičkami s karí pastou a polentovou kašou alergény sója zeler,Kotlík s feniklom brokolicou žltou šošovicou a pečenými batátmi alergény neobsahuje,Raw hrušková torta alergény orechy,
2021-08-18,BlueBear,Tekvicová polievka so semiačkami,Dukátové buchtičky s vanilkovým krémom,Morčací Gordon Blue plnený slaninou a syrom s pečenými zemiakmi a tatárskou omáčkou,,TYZDENNE Waffla burger so šťavnatým hovädzím mäsom cheddarom slaninou vajíčkom s domácimi hranolkami
2021-08-18,Centr klub,Kulajda,Restovaná kuracia pečeň v lokši kyslá uhorka,Hovädzí stroganov dusená ryža,,
2021-08-18,Ceska piv,Slepačí vývar s mäsom a rezancami,Rascová s vajíčkom,Rizoto s kuracím mäsom anglickou zeleninou a parmezánom,Vyprážaný syr varené zemiaky tatárska omáčka,Šalát s kuracími nugetkami medovo horčicový dresing
2021-08-18,Galileo,Patizónová kari polievka,Francúzske zemiaky s kyslou uhorkou,,,
2021-08-18,Milton,Teľacie ragú s cuketou karotkou a šafranom,Grilovaný konfitovaný steak z bravčovej krkovičky,Zeleninové taštičky Samosa plnka jemne pikantná zeleninová,Sous vide srnčie medajlónky a omáčka Grand Veneur,Čokoládový fondán s malinovou plnkou a karamelizovaný mliečny krém
2021-08-18,Prazsky pub,Kurací vývar s rezancami a zeleninou,Plnený bravčový rezeň na prírodno so šunkou syrom a špenátom s hranolkami,Šalát s tuniakom krutónmi vajíčkom a bazalkovým dressingom,,
2021-08-18,Red Cafe,Hŕstková polievka,Pečené kuracie stehno dusená ryža kompót,Vyprážaný karfiol varené zemiaky tatárska omáčka,Vyprážaný syr hranolky tatárska omáčka,Pizza šunková salámová šampiňónová
2021-08-18,RTVS,Zeleninová jarná,Bryndzové halušky so slaninkou,Bravčový steak s volským okom dusená ryža,Mletý rezeň so syrom zemiaky s vňaťkou,
2021-08-18,Spilka,Zalerový krém s klobáskou,Chili con carne s ryžou zapečené cheddar syrom,Zemiakové šúľance s makom a brusnicami,,
2021-08-18,Veda,Thajská karfiólová,Gobi beans karfiól a zelená fazuľka v indickej omáčke,Aloo makhanwala zemiaky v indickej maslovej omáčke,,
2021-08-18,Veglife,Tom Kha Thajská polievka B V P,Zeleninové tajine ryža natural,Tekvicový quiche s balkánskym syrom petržlenové zemiaky,Gnocchi s pečenou letnou zeleninou a parmezánom,Šalát Uhorkový s mätou
2021-08-19,Alzbetka,Gulasova,Kuraci steak zapekany so sesenymi paradajkami a mozzarellou s dusenou ryzou,Spagety s masovymi gulickami v paradajkovej omacke s parmezanom,Ceasar salat s kuracim masom a chlebovymi krutonmi,
2021-08-19,Bioland,Hubová na kyslo so zemiakmi a čerstvým kôprom alergény neobsahuje,Vegánske šošovičné bolognese špagety alergény lepok sója,Miešaný šalát s uhorkou paprikou paradajkou slneč sem gréckym syrom a hor med zálievkou alergény mlieko horčičné semienko,Čokoládový cheesecake alergény mlieko vajcia lepok,
2021-08-19,BlueBear,Zemiaková polievka s restovanou šunkou,Sviečková na smotane s parenou knedľou,G Paradajkové rizoto s bazalkou a parmezánom,,TYZDENNE Waffla burger so šťavnatým hovädzím mäsom cheddarom slaninou vajíčkom s domácimi hranolkami
2021-08-19,Centr klub,Frankfurtská s párkom,Špagety Bolognese,Pečené morčacie stehno zemiakové štvrte bylinkový dresing,,
2021-08-19,Ceska piv,Slepačí vývar s mäsom a rezancami,Frankfurtská polievka,Kuracie prsia zapekané s cheddarom sušenou paradajkou a ryžou,Segedínsky guláš s knedľou,Caesar šalát
2021-08-19,Dilema,Urajinský cviklový boršč VEGAN,Indický VEGAN Dhal z červenej šošovice s čerstvými marhuľami  ľadový šalát s olivami,Vietnamské hovädzie kari s ananásom cuketou a mrkvou   ľadový šalát s olivami,,
2021-08-19,Galileo,Kapustová polievka,Vaprážaný patizon v cestíčku so slnečnicou varené zemiaky tat omáčka,,,
2021-08-19,Milton,Brokolicový krém s kokosovým mliekom a so zelenou kari pastou,Konfitované a zapečené bravčové rebrá na spôsob Barbecue,Grilovaná morská ryba,Grilované hovädzie filé s Foie Gras hov sviečkovica,Čokoládové Creme brulée domáci višňový kompót
2021-08-19,Prazsky pub,Šošovicová na kyslo,Sviečková na smotane s parenou knedľou,Farfalle s kuracím mäsom syrovou omáčkou a pórom,,
2021-08-19,Red Cafe,Fazuľová na kyslo polievka,Kuracie Teriyaki basmati ryža,Pečené br rebierka kyslá obloha chlieb,Vyprážaný syr hranolky tatárska omáčka,Pizza šunková salámová šampiňónová
2021-08-19,RTVS,Hŕstková,Granatierský pochod kyslá uhorka,Prírodná hovädzia roštenka ryža basmati,Bravčové mäso chrenová omáčka parená knedľa,
2021-08-19,Spilka,Boršč,Bravčové líčka s brusnicovou omáčkou a zemiakovým pyré,Bryndzové halušky s opekanou cibuľkou    f,,
2021-08-19,Svadby a Kari,Urajinský cviklový boršč VEGAN,Indický VEGAN Dhal z červenej šošovice s čerstvými marhuľami  ľadový šalát s olivami,Vietnamské hovädzie kari s ananásom cuketou a mrkvou   ľadový šalát s olivami,,
2021-08-19,Veda,Thajská zemiaková s mini kukuricou,Palak brocolli tamatar brokolica a paradajky v indickej špenátovej omáčke,Gwarati curry knedlíčky z cícerovej múky v indickej jogurtovej omáčke,,
2021-08-19,Veglife,Karfiolová krémová polievka,Bolonské lasagne,Goody foody zeleninový wok ryža basmati,Hokaido paprikáš s údeným tempehom pečené zemiaky,Šalát Sezamovo špenátový
2021-08-20,Alzbetka,Kacaci vyvar s pecenovymi knedlickami,Vyprazany kuracie nugetky so pecenymi zemiakmi syrovym dresingom,Losos na bylinkach s pecenuo zeleninou    Ceasar salat s kuracim masom a chlebovymi krutonmi,,
2021-08-20,Bioland,Hrachová krémová s vegánskou slaninou alergény neobsahuje,INDIA KOFTA Cícerovo špenátová fašírka s basmati ryžou a mangovým dresingom alergény sézam,Gratinované bylinkové zemiaky s baby špenátom parmezánom a miešaným šalátom alergény mlieko,Chia puding z kokosového mlieka a ovocím alergény neobsahuje,
2021-08-20,BlueBear,Hlivová polievka s bulgurom,Francúzske zemiaky s kyslou smotanou klobásou a uhorkovým šalátom,Kuracie vykostené stehno v syrovom cestíčku so zemiakovou kašou a kyslou uhorkou,,TYZDENNE Waffla burger so šťavnatým hovädzím mäsom cheddarom slaninou vajíčkom s domácimi hranolkami
2021-08-20,Centr klub,Zeleninový boršč,Vyprážaný karfiól varené zemiaky tatarská omáčka,Bravčová panenka na hubách tarhoňa,,
2021-08-20,Ceska piv,Slepačí vývar s mäsom a rezancami,Šampiňónová krémová,Kuracie stehno s broskyňovým kompótom a ryžou,Bolonské špagety s bazalkou a parmezánom,Šúľance s makom plnené slivkovým lekvárom
2021-08-20,Dilema,Slepačí vývar s rezancami a zeleninou N,Zapekané penne s kuracím mäsom zeleninou a goudou šalátik,Bravčové karé po SRBSKY ryža,Vyprážaná PARENICA hranolky naša domáca tatárska omáčka    Mani HdÁvramaA  ŠACA Ax,
2021-08-20,Galileo,Zeleninová polievka,Vyprážaný hermelín s hranolkami a tatárskou omčkou,,,
2021-08-20,Milton,Šalátová polievka z rímskeho šalátu batatov a zašľahaného vajíčka,Ragú Alla Bolognese,Dukátové buchtičky,Grilovaný filetovaný pstruh,Grilované kačacie prsia Sous Vide podávané krájané na plátky
2021-08-20,Prazsky pub,Mrkvová polievka s hráškom a krupicovými haluškami,Vyprážaná morská šťuka so zemiakovým šalátom,Gnocchi s restovanou kuracou pečienkou šalviou paradajkami a parmezánom,,
2021-08-20,Red Cafe,Zemiaková s klobáskou polievka,Kurací steak na glazovanej zeleninke prírodná omáčka,Bryndzové halušky so slaninkou,Vyprážaný syr hranolky tatárska omáčka,Pizza šunková salámová šampiňónová
2021-08-20,RTVS,Slepačia polievka s niťovkami,Sezónny zeleninový šalát s lososom,Vyprážaný syr pečené zemiaky tat omáčka,Bulgur s kuracím mäsom a pažitkou,
2021-08-20,Spilka,Špenátová polievka s vájíčkom       M,Pečené kuracie stehná plnené žemľovou plnkou sryžou,Perkele z hlivy ustricovej so špenátovými haluškami,,
2021-08-20,Svadby a Kari,Poctivá ostro kyslá polievka s kuracím mäsom a udeným tofu,Thajské VEGAN kari s galangalom a citrónovom trávou s tekvicou cuketou a zelenými fazuľkami paradajkový šalát s cícerom,Indické maslové Butter Chicken s kuracím mäsom batátmi paradajkami a hráškom  paradajkový šalát s cícerom,,
2021-08-20,Veda,Šampiónová,Pakora subzi zeleninové fašírky v indickej omáčke,Vegetable kadhi miešaná zelenina v indickej jogurtovej omáčke,,
2021-08-20,Veglife,Fazuľová polievka na kyslo,Krémové cuketovo citrónové rizoto s parmezánom,Paprika pln balkánskym syrom a pohánkou v parad omáčke pažítkové zemiaky,Batáty v arašidovej omáčke ryža jasmínová,Šalát Miešaný kukuricový
